target_uniprot_id,seq_len,was_cleaned,was_truncated
O15245,554,False,False
P08183,1280,False,True
P35367,487,False,False
Q02763,1124,False,True
Q12809,1159,False,True
Q96FL8,570,False,False
Q9H3N8,390,False,False
P07550,413,False,False
Q9NPD5,702,False,False
Q9Y6L6,691,False,False
O95342,1321,False,True
P02768,609,False,False
P08172,466,False,False
P08173,479,False,False
P08912,532,False,False
P11229,460,False,False
P20309,590,False,False
Q14097,377,False,False
Q14994,352,False,False
P35372,400,False,False
P41143,372,False,False
P41145,380,False,False
O15438,1527,False,True
O15439,1325,False,True
O43570,354,False,False
P00533,1210,False,True
P00915,261,False,False
P00918,260,False,False
P06239,509,False,False
P06241,537,False,False
P07451,260,False,False
P14416,443,False,False
P14679,529,False,False
P20711,480,False,False
P21728,446,False,False
P21917,419,False,False
P21918,477,False,False
P22748,312,False,False
P23280,308,False,False
P35218,305,False,False
P35462,400,False,False
P43166,264,False,False
P46059,708,False,False
P47989,1333,False,True
Q01650,507,False,False
Q16790,459,False,False
Q8TF71,515,False,False
Q92887,1545,False,True
Q9NUW8,608,False,False
Q9UHI5,535,False,False
Q9ULX7,337,False,False
Q9Y2D0,317,False,False
Q9Y6A2,500,False,False
P04626,1255,False,True
P08684,503,False,False
P0DMS8,318,False,False
P10632,490,False,False
P10809,573,False,False
P11712,490,False,False
P13945,408,False,False
P18089,450,False,False
P23219,599,False,False
P23975,617,False,False
P24557,533,False,False
P30556,359,False,False
P35503,534,False,False
P37231,505,False,False
P50052,363,False,False
Q16762,297,False,False
Q9NPC1,358,False,False
O75751,556,False,False
P05177,516,False,False
P10635,497,False,False
P12821,1306,False,True
P13569,1480,False,True
P21731,343,False,False
P23415,457,False,False
P33261,490,False,False
P51589,502,False,False
Q03181,441,False,False
Q07869,468,False,False
Q9UNQ0,655,False,False
P08908,422,False,False
P08913,465,False,False
P28335,458,False,False
P31645,630,False,False
P50406,440,False,False
Q01959,620,False,False
P05164,745,False,False
P10145,99,False,False
P15121,316,False,False
P35354,604,False,False
P48775,406,False,False
Q04760,184,False,False
Q4U2R8,563,False,False
Q8TDX5,336,False,False
O43174,497,False,False
P10276,462,False,False
P10826,455,False,False
P13631,454,False,False
P19793,462,False,False
P28702,533,False,False
P43354,598,False,False
P48443,463,False,False
P55055,460,False,False
Q13133,447,False,False
Q9NR63,512,False,False
O75469,434,False,False
P11509,494,False,False
P20813,491,False,False
P20815,502,False,False
P33260,490,False,False
P22309,533,False,False
P30531,599,False,False
P48065,614,False,False
P48066,632,False,False
O43280,583,False,False
O43451,2753,False,True
P04062,536,False,False
P06280,429,False,False
P09848,1927,False,True
P10253,952,False,False
P14410,1827,False,True
P16278,677,False,False
P28300,417,False,False
P35573,1532,False,True
Q16739,394,False,False
Q9HCG7,927,False,False
O00337,649,False,False
O15244,555,False,False
P02763,201,False,False
P03372,595,False,False
P04150,777,False,False
P04278,402,False,False
P04798,512,False,False
P05093,508,False,False
P06401,933,False,False
P08185,405,False,False
P08235,984,False,False
P10275,920,False,False
P10636,758,False,False
P12104,132,False,False
P24462,503,False,False
P33527,1531,False,True
P35610,550,False,False
P56373,397,False,False
P56937,341,False,False
Q14973,349,False,False
Q15125,230,False,False
Q16678,543,False,False
Q16850,509,False,False
Q7RTX7,472,False,False
Q86XQ3,398,False,False
Q8NEC5,780,False,False
Q8TDU6,330,False,False
Q92731,530,False,False
Q96P56,530,False,False
Q99720,223,False,False
Q9UL62,973,False,False
O15554,427,False,False
O94759,1503,False,True
P05181,493,False,False
P08588,477,False,False
P11511,503,False,False
P21452,398,False,False
P22001,575,False,False
P22303,614,False,False
P25021,359,False,False
P25024,350,False,False
P25100,572,False,False
P25103,407,False,False
P25105,342,False,False
P28223,471,False,False
P29274,412,False,False
P30518,371,False,False
P30542,326,False,False
P40925,334,False,False
P41595,481,False,False
P51679,360,False,False
P55072,806,False,False
Q13936,2221,False,True
Q7Z2W7,1104,False,True
Q8TDS4,363,False,False
Q96D31,301,False,False
Q96RI1,486,False,False
Q9UNU6,501,False,False
Q9Y271,337,False,False
P02774,474,False,False
P05108,521,False,False
P11473,427,False,False
Q02318,531,False,False
Q6VVX0,501,False,False
Q99835,787,False,False
P11245,290,False,False
P31513,532,False,False
Q99895,268,False,False
P00747,810,False,False
P00750,562,False,False
Q06278,1338,False,True
Q7Z2H8,476,False,False
P14902,403,False,False
P16435,677,False,False
O60760,199,False,False
P34995,402,False,False
P35408,488,False,False
P43088,359,False,False
P43115,390,False,False
P43116,358,False,False
P43119,386,False,False
Q8TCC7,542,False,False
Q92959,643,False,False
Q13621,1099,False,True
P06310,120,False,False
Q6P6C2,394,False,False
Q99873,371,False,False
Q9C0B1,505,False,False
P43005,524,False,False
P54289,1103,False,True
Q9NY47,1150,False,True
O43521,198,False,False
P15538,503,False,False
P19099,503,False,False
Q13547,482,False,False
O95436,690,False,False
P30304,524,False,False
Q06495,639,False,False
Q08357,652,False,False
Q8N130,599,False,False
Q8WUM9,679,False,False
P27361,379,False,False
O00748,559,False,False
O94956,709,False,False
P04035,888,False,False
P16662,529,False,False
P20701,1170,False,True
P23141,567,False,False
P46721,670,False,False
Q92769,488,False,False
O60939,215,False,False
O75828,277,False,False
P16152,277,False,False
P17516,323,False,False
P35498,2009,False,True
P35499,1836,False,True
P42330,323,False,False
P52895,323,False,False
Q01118,1682,False,True
Q04828,323,False,False
Q07699,218,False,False
Q14524,2016,False,True
Q15858,1988,False,True
Q8IWT1,228,False,False
Q99250,2005,False,True
Q99571,388,False,False
Q9NY46,2000,False,True
Q9NY72,215,False,False
Q9UI33,1791,False,True
Q9UQD0,1980,False,True
Q9Y5Y9,1956,False,True
Q9HCN6,339,False,False
P21397,527,False,False
P28845,292,False,False
P01031,1676,False,True
P02766,147,False,False
P34897,504,False,False
P34913,555,False,False
P05023,1023,False,False
P55011,1212,False,True
Q9H2X9,1139,False,True
Q9HC97,309,False,False
Q9NSA0,550,False,False
Q9UP95,1085,False,True
Q9Y694,548,False,False
O00519,579,False,False
Q09428,1581,False,True
O14649,394,False,False
O00238,502,False,False
O00264,195,False,False
O00444,970,False,False
O00571,662,False,False
O00764,312,False,False
O14578,2027,False,True
O14757,476,False,False
O14965,403,False,False
O14976,1311,False,True
O15197,1021,False,False
O15254,700,False,False
O43353,540,False,False
O43683,1085,False,True
O60313,960,False,False
O60674,1132,False,True
O75116,1388,False,True
O75385,1050,False,True
O75460,977,False,False
O75582,802,False,False
O75643,2136,False,True
O75676,772,False,False
O75716,305,False,False
O76039,960,False,False
O94804,968,False,False
O94806,890,False,False
O95347,1197,False,True
O95819,1239,False,True
O95835,1130,False,True
O96013,591,False,False
P00519,1130,False,True
P04629,796,False,False
P04899,355,False,False
P05141,298,False,False
P05771,671,False,False
P06213,1382,False,True
P06493,297,False,False
P06737,847,False,False
P07332,822,False,False
P07741,180,False,False
P07947,543,False,False
P07948,512,False,False
P07949,1114,False,True
P08069,1367,False,True
P08240,638,False,False
P08574,325,False,False
P08581,1390,False,True
P08631,526,False,False
P09619,1106,False,True
P10398,606,False,False
P11216,843,False,False
P11274,1271,False,True
P11309,313,False,False
P11362,822,False,False
P11388,1531,False,True
P11802,303,False,False
P12236,298,False,False
P12268,514,False,False
P12931,536,False,False
P13861,404,False,False
P15056,766,False,False
P15735,406,False,False
P16083,231,False,False
P16591,822,False,False
P17252,672,False,False
P17612,351,False,False
P18074,760,False,False
P19784,350,False,False
P20340,208,False,False
P22234,425,False,False
P22694,351,False,False
P22830,423,False,False
P23443,525,False,False
P23458,1154,False,True
P24941,298,False,False
P25098,689,False,False
P26196,483,False,False
P27448,753,False,False
P27707,260,False,False
P28482,360,False,False
P29317,976,False,False
P29323,1055,False,True
P29597,1187,False,True
P30085,196,False,False
P30086,187,False,False
P30291,646,False,False
P30519,316,False,False
P31153,395,False,False
P31689,397,False,False
P31749,480,False,False
P31751,481,False,False
P33981,857,False,False
P33991,863,False,False
P36507,400,False,False
P36888,993,False,False
P36894,532,False,False
P36896,505,False,False
P36897,503,False,False
P37173,567,False,False
P38117,255,False,False
P41240,450,False,False
P41250,739,False,False
P41743,596,False,False
P42285,1042,False,True
P42680,631,False,False
P42684,1182,False,True
P42685,505,False,False
P43405,635,False,False
P43686,418,False,False
P45983,427,False,False
P45984,424,False,False
P46734,347,False,False
P48426,406,False,False
P48729,337,False,False
P48730,415,False,False
P49137,400,False,False
P49411,455,False,False
P49589,748,False,False
P49674,416,False,False
P49748,655,False,False
P49759,484,False,False
P49760,499,False,False
P49840,483,False,False
P49841,420,False,False
P50613,346,False,False
P50750,372,False,False
P51159,221,False,False
P51617,712,False,False
P51812,740,False,False
P51955,445,False,False
P51956,506,False,False
P52333,1124,False,True
P52564,334,False,False
P53667,647,False,False
P53671,638,False,False
P53779,464,False,False
P54577,528,False,False
P54619,331,False,False
P54753,998,False,False
P54756,1037,False,True
P54760,987,False,False
P54764,986,False,False
P54819,239,False,False
P55263,362,False,False
P61158,418,False,False
P61160,394,False,False
P62826,216,False,False
P78368,415,False,False
Q00526,305,False,False
Q00534,326,False,False
Q00535,292,False,False
Q00536,496,False,False
Q00537,523,False,False
Q01813,784,False,False
Q02750,393,False,False
Q02880,1626,False,True
Q04759,706,False,False
Q04771,509,False,False
Q04912,1400,False,True
Q05397,1052,False,True
Q05655,676,False,False
Q06187,659,False,False
Q07912,1038,False,True
Q08345,913,False,False
Q12851,820,False,False
Q13043,487,False,False
Q13131,559,False,False
Q13163,448,False,False
Q13164,816,False,False
Q13177,524,False,False
Q13188,491,False,False
Q13233,1512,False,True
Q13418,452,False,False
Q13464,1354,False,True
Q13470,666,False,False
Q13555,558,False,False
Q13557,499,False,False
Q13627,763,False,False
Q13705,512,False,False
Q13873,1038,False,True
Q13882,451,False,False
Q13976,671,False,False
Q14004,1512,False,True
Q14164,716,False,False
Q14289,1009,False,False
Q14680,651,False,False
Q14683,1233,False,True
Q15375,998,False,False
Q15392,516,False,False
Q15418,735,False,False
Q15746,1914,False,True
Q15831,433,False,False
Q16512,942,False,False
Q16513,984,False,False
Q16539,360,False,False
Q16566,473,False,False
Q16584,847,False,False
Q16832,855,False,False
Q2M2I8,961,False,False
Q32MK0,819,False,False
Q58FF8,381,False,False
Q5HYI8,236,False,False
Q5VT25,1732,False,True
Q6DT37,1551,False,True
Q6JQN1,1059,False,True
Q6PHR2,472,False,False
Q6ZSR9,355,False,False
Q709F0,780,False,False
Q76MJ5,926,False,False
Q7KZI7,788,False,False
Q7L7X3,1001,False,False
Q7Z406,1995,False,True
Q86TW2,530,False,False
Q86XP3,938,False,False
Q8IVH8,894,False,False
Q8IW41,473,False,False
Q8NI60,647,False,False
Q8TBX8,421,False,False
Q8TD08,544,False,False
Q8TD19,979,False,False
Q8TDX7,302,False,False
Q92499,740,False,False
Q92918,833,False,False
Q96GD4,344,False,False
Q96PY6,1258,False,True
Q96RG2,1323,False,True
Q96RR4,588,False,False
Q96S44,253,False,False
Q99640,499,False,False
Q99683,1374,False,True
Q99759,626,False,False
Q9BZE4,634,False,False
Q9BZL6,878,False,False
Q9H093,628,False,False
Q9H0A0,1025,False,True
Q9H0K1,926,False,False
Q9H2G2,1235,False,True
Q9H2K8,898,False,False
Q9H773,170,False,False
Q9NSD9,589,False,False
Q9NSE4,1012,False,False
Q9NSY1,1161,False,True
Q9NTK5,396,False,False
Q9NWZ3,460,False,False
Q9NYL2,800,False,False
Q9NYV4,1490,False,True
Q9P0J0,144,False,False
Q9P1W9,311,False,False
Q9P289,416,False,False
Q9P2R7,463,False,False
Q9UBE8,527,False,False
Q9UGJ0,569,False,False
Q9UHD2,729,False,False
Q9UHD8,586,False,False
Q9UK32,745,False,False
Q9UL54,1235,False,True
Q9ULC5,683,False,False
Q9UPZ9,632,False,False
Q9Y243,479,False,False
Q9Y2K2,1321,False,True
Q9Y2U5,619,False,False
Q9Y4K4,846,False,False
Q9Y572,518,False,False
Q9Y5S2,1711,False,True
Q9Y616,596,False,False
Q9Y6M4,447,False,False
Q9Y6R4,1608,False,True
P18825,462,False,False
P35348,466,False,False
P35368,520,False,False
Q9Y2I1,1504,False,True
P04156,253,False,False
P19224,532,False,False
P43681,627,False,False
Q15311,655,False,False
Q9H461,694,False,False
Q9HAW7,530,False,False
Q16348,729,False,False
P07288,261,False,False
O43613,425,False,False
O43614,444,False,False
O60341,852,False,False
P24298,496,False,False
P27338,520,False,False
P80404,500,False,False
Q16853,763,False,False
Q8TD30,523,False,False
Q9HB55,503,False,False
Q9UGI5,419,False,False
P21964,271,False,False
O15379,428,False,False
O60656,530,False,False
O76082,557,False,False
P11926,461,False,False
P13726,295,False,False
P14210,728,False,False
P14550,325,False,False
P22310,534,False,False
P38936,164,False,False
P45954,432,False,False
P51649,535,False,False
P53985,500,False,False
P54855,530,False,False
P56524,1084,False,True
Q02218,1023,False,False
Q8WUI4,952,False,False
Q969S8,669,False,False
Q96DB2,347,False,False
Q9BY41,377,False,False
Q9HAW8,530,False,False
Q9HAW9,530,False,False
Q9NXA8,310,False,False
Q9NZQ7,290,False,False
Q9UBN7,1215,False,True
Q9UKV0,1011,False,False
Q9UQL6,1122,False,True
Q12879,1464,False,True
Q13224,1484,False,True
O43781,588,False,False
O95271,1327,False,True
P09874,1014,False,False
P49761,638,False,False
Q460N3,678,False,False
Q460N5,1801,False,True
Q53GL7,1025,False,True
Q6LAP9,17,False,False
Q86VL8,602,False,False
Q8N5Y8,322,False,False
Q92630,601,False,False
Q9H0J9,701,False,False
Q9H2K2,1166,False,True
Q9HAZ1,481,False,False
Q9NR20,520,False,False
Q9NR21,338,False,False
Q9UGN5,583,False,False
Q9UKK3,1724,False,True
Q9Y463,629,False,False
Q9Y6F1,533,False,False
Q13247,344,False,False
O95977,384,False,False
P21453,382,False,False
Q08477,520,False,False
Q99500,378,False,False
Q9H228,398,False,False
Q9HCS2,524,False,False
P05186,524,False,False
P09923,528,False,False
P10696,532,False,False
P52789,917,False,False
P63279,158,False,False
Q9UBE0,346,False,False
O95069,426,False,False
P22460,613,False,False
P46098,478,False,False
Q9NPC2,374,False,False
Q9UK17,655,False,False
O60840,1977,False,True
O60885,1362,False,True
O95259,989,False,False
P17405,631,False,False
P19652,201,False,False
P34969,479,False,False
Q00975,2339,False,True
Q01668,2161,False,True
Q13698,1873,False,True
Q9H015,551,False,False
Q9NZV8,630,False,False
P04406,335,False,False
P06276,602,False,False
P14859,743,False,False
O00462,879,False,False
O00754,1011,False,False
P04066,466,False,False
Q9H227,469,False,False
Q9Y2E5,1009,False,False
Q96LD8,212,False,False
P15382,129,False,False
P24530,442,False,False
P25101,427,False,False
A5X5Y0,456,False,False
O15399,1336,False,True
O60391,1043,False,True
O95264,441,False,False
P05129,697,False,False
P07305,194,False,False
P28221,377,False,False
P28222,390,False,False
P28566,365,False,False
P47898,357,False,False
Q05586,938,False,False
Q14957,1233,False,True
Q70Z44,454,False,False
Q8TCU5,1115,False,True
Q8WXA8,447,False,False
Q9Y5N1,445,False,False
O00591,440,False,False
O14764,452,False,False
P08236,651,False,False
P14867,456,False,False
P18505,474,False,False
P18507,475,False,False
P28472,473,False,False
P31644,462,False,False
P34903,492,False,False
P47869,451,False,False
P47870,512,False,False
P48169,554,False,False
P78334,506,False,False
Q16445,453,False,False
Q8N1C3,465,False,False
Q99928,467,False,False
Q9UN88,632,False,False
Q9Y345,797,False,False
P02144,154,False,False
P09211,210,False,False
P09488,218,False,False
P0DMM9,295,False,False
P20292,161,False,False
P21554,472,False,False
P25440,801,False,False
P34972,360,False,False
P50225,295,False,False
Q15059,726,False,False
Q15185,160,False,False
Q8NER1,839,False,False
Q99685,303,False,False
P32238,428,False,False
P32239,447,False,False
P04183,234,False,False
P04818,313,False,False
P19971,482,False,False
Q14542,456,False,False
Q99808,456,False,False
O15269,473,False,False
O15270,562,False,False
P14618,531,False,False
P20132,328,False,False
P21549,392,False,False
P35520,551,False,False
P43007,532,False,False
P49591,514,False,False
Q15758,541,False,False
Q9GZT4,340,False,False
O00329,1044,False,True
O00408,941,False,False
O60658,829,False,False
O76074,875,False,False
O76083,593,False,False
O95263,885,False,False
P11217,842,False,False
P16499,860,False,False
P27815,886,False,False
P29275,332,False,False
P35913,854,False,False
P42336,1068,False,True
P42338,1070,False,True
P42345,2549,False,True
P48736,1102,False,True
P51160,858,False,False
P54750,535,False,False
Q01064,536,False,False
Q07343,736,False,False
Q08493,712,False,False
Q08499,809,False,False
Q13231,466,False,False
Q13370,1112,False,True
Q13535,2644,False,True
Q13946,482,False,False
Q14123,709,False,False
Q14432,1141,False,True
Q14573,2671,False,True
Q6P988,496,False,False
Q99538,433,False,False
Q9HCR9,933,False,False
Q9NP56,450,False,False
Q9Y233,1055,False,True
Q9Y2T3,454,False,False
P09455,135,False,False
P32297,505,False,False
P04054,148,False,False
P15144,967,False,False
P16233,465,False,False
P34059,522,False,False
Q9UHC9,1359,False,True
Q16647,500,False,False
Q9H244,342,False,False
P37288,418,False,False
P00338,332,False,False
P08709,466,False,False
Q10588,318,False,False
Q6SZW1,724,False,False
Q8IXJ6,389,False,False
Q8N6T7,355,False,False
Q96EB6,747,False,False
Q9NTG7,399,False,False
Q14534,574,False,False
O43772,301,False,False
P23786,658,False,False
P43155,626,False,False
P50416,773,False,False
Q86VW1,577,False,False
Q8N8R3,303,False,False
Q9UKG9,612,False,False
P18405,259,False,False
P26439,372,False,False
P31213,254,False,False
P51857,326,False,False
Q9H8P0,318,False,False
P30043,206,False,False
O14936,926,False,False
O15427,465,False,False
P05230,155,False,False
P07998,156,False,False
P09601,288,False,False
P14621,99,False,False
P20472,110,False,False
P29475,1434,False,True
Q13363,440,False,False
Q99418,400,False,False
Q9BVM4,153,False,False
Q9NQX3,736,False,False
P46663,353,False,False
P07333,972,False,False
P09769,529,False,False
P10721,976,False,False
P16234,1089,False,True
P17948,1338,False,True
P21709,976,False,False
P21802,821,False,False
P22455,802,False,False
P22607,806,False,False
P22612,351,False,False
P29376,864,False,False
P35580,1976,False,True
P35968,1356,False,True
P37023,503,False,False
P49336,464,False,False
P53350,603,False,False
P57059,783,False,False
P61026,200,False,False
Q13546,671,False,False
Q14839,1912,False,True
Q15067,660,False,False
Q15569,626,False,False
Q15759,364,False,False
Q15835,563,False,False
Q16204,474,False,False
Q3MIX3,580,False,False
Q56UN5,1328,False,True
Q7RTN6,431,False,False
Q96L34,752,False,False
Q96S53,571,False,False
Q96SW2,442,False,False
Q9BQI3,630,False,False
Q9BWU1,502,False,False
Q9HBH9,465,False,False
Q9HC98,313,False,False
Q9HCP0,422,False,False
Q9NQU5,681,False,False
Q9UKE5,1360,False,True
Q9Y2W1,955,False,False
P49354,379,False,False
Q9H2J7,730,False,False
P29371,465,False,False
P30411,391,False,False
P30939,366,False,False
P32241,457,False,False
Q13639,388,False,False
Q9Y587,144,False,False
Q8IXQ6,854,False,False
Q8N3A8,854,False,False
O00311,574,False,False
O00506,426,False,False
O00750,1634,False,True
O14730,519,False,False
O14733,419,False,False
O14920,756,False,False
O15075,740,False,False
O15111,745,False,False
O15146,869,False,False
O15264,365,False,False
O15530,556,False,False
O43283,966,False,False
O43293,454,False,False
O43318,606,False,False
O60285,661,False,False
O60331,668,False,False
O75747,1486,False,True
O75914,559,False,False
O94768,372,False,False
O94921,469,False,False
O95382,1288,False,True
O95747,527,False,False
O96017,543,False,False
P04049,648,False,False
P08922,2347,False,True
P0C1S8,567,False,False
P0C264,359,False,False
P14616,1297,False,True
P19525,551,False,False
P20794,623,False,False
P21127,795,False,False
P21860,1342,False,True
P24723,683,False,False
P27037,513,False,False
P29320,983,False,False
P29322,1005,False,False
P30530,894,False,False
P31152,587,False,False
P32298,578,False,False
P35590,1138,False,True
P35916,1363,False,True
P42679,507,False,False
P42681,527,False,False
P43403,619,False,False
P45985,399,False,False
P49585,367,False,False
P51451,505,False,False
P51813,675,False,False
P51817,358,False,False
P51957,841,False,False
P53355,1430,False,True
P53634,463,False,False
P53778,367,False,False
P54646,552,False,False
P54762,984,False,False
P57058,714,False,False
P57078,832,False,False
P68400,391,False,False
P78356,416,False,False
P78362,688,False,False
P80192,1104,False,True
Q00532,357,False,False
Q02156,737,False,False
Q02779,954,False,False
Q05513,592,False,False
Q06418,890,False,False
Q07002,474,False,False
Q08881,620,False,False
Q09013,629,False,False
Q12852,859,False,False
Q12866,999,False,False
Q13153,545,False,False
Q13237,762,False,False
Q13523,1007,False,False
Q13554,666,False,False
Q14012,370,False,False
Q15139,912,False,False
Q15208,465,False,False
Q15303,1308,False,True
Q15349,733,False,False
Q16288,839,False,False
Q16620,822,False,False
Q16644,382,False,False
Q16659,721,False,False
Q16816,387,False,False
Q52WX2,424,False,False
Q59H18,835,False,False
Q5S007,2527,False,True
Q6P3R8,708,False,False
Q6P5Z2,889,False,False
Q6XUX3,929,False,False
Q6ZN16,1313,False,True
Q7L2E3,1194,False,True
Q86UE8,772,False,False
Q86UX6,486,False,False
Q86V86,326,False,False
Q86Y07,508,False,False
Q86YV6,388,False,False
Q86Z02,1210,False,True
Q8IU85,385,False,False
Q8IVW4,592,False,False
Q8IWQ3,736,False,False
Q8IY84,436,False,False
Q8IYD1,628,False,False
Q8IYT8,1036,False,True
Q8N4C8,1332,False,True
Q8N568,766,False,False
Q8N5S9,505,False,False
Q8N752,337,False,False
Q8NE63,616,False,False
Q8NEV4,1616,False,True
Q8NFD2,765,False,False
Q8NG66,645,False,False
Q8TDC3,778,False,False
Q8TDR2,534,False,False
Q8WTQ7,553,False,False
Q8WU08,396,False,False
Q8WXR4,1341,False,True
Q92772,493,False,False
Q96BR1,496,False,False
Q96D53,544,False,False
Q96NX5,476,False,False
Q96Q40,435,False,False
Q96SB4,655,False,False
Q99755,562,False,False
Q9BRS2,568,False,False
Q9BUB5,465,False,False
Q9BVS4,552,False,False
Q9BX84,2022,False,True
Q9BXA7,367,False,False
Q9BYT3,514,False,False
Q9C098,648,False,False
Q9H1R3,596,False,False
Q9H2X6,1198,False,True
Q9H3Y6,488,False,False
Q9H422,1215,False,True
Q9H4B4,646,False,False
Q9NRH2,765,False,False
Q9NRM7,1088,False,True
Q9NRP7,1315,False,True
Q9NY57,414,False,False
Q9NYY3,685,False,False
Q9P0L2,795,False,False
Q9P286,719,False,False
Q9P2K8,1649,False,True
Q9UBF8,816,False,False
Q9UEE5,414,False,False
Q9UEW8,545,False,False
Q9UF33,1036,False,True
Q9UIK4,370,False,False
Q9UKI8,766,False,False
Q9UM73,1620,False,True
Q9UPE1,567,False,False
Q9UQ88,783,False,False
Q9UQB9,309,False,False
Q9UQM7,478,False,False
Q9Y2H1,464,False,False
Q9Y2H9,1570,False,True
Q9Y6E0,443,False,False
P05106,788,False,False
P06756,1048,False,True
P08514,1039,False,True
P14920,347,False,False
P25929,384,False,False
P51787,676,False,False
P54219,525,False,False
Q05940,514,False,False
G3V5T7,75,False,False
H3BUU9,670,False,False
O14684,152,False,False
P00403,227,False,False
P09917,674,False,False
P16050,662,False,False
P18054,663,False,False
P60953,191,False,False
Q8N1Q1,262,False,False
Q99519,415,False,False
O43272,600,False,False
Q93088,406,False,False
Q969F8,398,False,False
Q15822,529,False,False
P04271,92,False,False
P23297,94,False,False
P29034,98,False,False
P80511,92,False,False
Q01740,532,False,False
Q99584,98,False,False
P30536,169,False,False
P04070,461,False,False
P07225,676,False,False
O75715,221,False,False
P00441,154,False,False
P04040,527,False,False
P04179,222,False,False
P08294,240,False,False
Q8TED1,209,False,False
Q96A70,460,False,False
Q96SL4,187,False,False
P48039,350,False,False
P01023,1474,False,True
P14735,1019,False,False
Q07973,514,False,False
O75343,617,False,False
P33402,732,False,False
Q02108,690,False,False
Q02153,619,False,False
P62942,108,False,False
P04731,61,False,False
P05091,517,False,False
P29474,1203,False,True
P47901,424,False,False
O14983,1001,False,False
O75185,946,False,False
P03886,318,False,False
P16615,1042,False,True
P20020,1220,False,True
P23634,1241,False,True
P42261,906,False,False
P98194,919,False,False
Q01814,1243,False,True
Q16720,1220,False,True
Q96ER9,411,False,False
Q9UHW9,1150,False,True
Q9Y666,1083,False,True
P04083,346,False,False
P30049,168,False,False
Q09470,495,False,False
Q96GZ6,507,False,False
Q96QT4,1865,False,True
Q9H8M5,875,False,False
O14732,288,False,False
P29218,277,False,False
P37088,669,False,False
P42263,894,False,False
P51168,640,False,False
P51170,649,False,False
P07101,528,False,False
P27169,355,False,False
P24046,479,False,False
O14556,408,False,False
O14618,274,False,False
O14791,398,False,False
O15304,175,False,False
O15350,636,False,False
O75340,191,False,False
O75636,299,False,False
P00326,375,False,False
P00450,1065,False,True
P00734,622,False,False
P00736,705,False,False
P00739,348,False,False
P00748,615,False,False
P00751,764,False,False
P01009,418,False,False
P01011,423,False,False
P01019,476,False,False
P01024,1663,False,True
P01042,644,False,False
P01308,110,False,False
P01591,159,False,False
P01599,117,False,False
P01619,116,False,False
P01871,474,False,False
P01876,398,False,False
P02533,472,False,False
P02538,564,False,False
P02647,267,False,False
P02649,317,False,False
P02652,100,False,False
P02671,866,False,False
P02743,223,False,False
P02746,253,False,False
P02747,245,False,False
P02751,2477,False,True
P02765,367,False,False
P02787,698,False,False
P02795,61,False,False
P03952,638,False,False
P04003,597,False,False
P04004,478,False,False
P04075,364,False,False
P04217,495,False,False
P04264,644,False,False
P04279,462,False,False
P04637,393,False,False
P05067,770,False,False
P05109,93,False,False
P05156,583,False,False
P05160,661,False,False
P05546,499,False,False
P06396,782,False,False
P06702,114,False,False
P06727,396,False,False
P06733,434,False,False
P07237,508,False,False
P07357,584,False,False
P07358,591,False,False
P07360,202,False,False
P08603,1231,False,True
P08700,152,False,False
P08779,473,False,False
P09871,688,False,False
P0C0L5,1744,False,True
P10909,449,False,False
P13645,584,False,False
P13647,590,False,False
P14780,707,False,False
P14923,745,False,False
P15169,458,False,False
P15531,152,False,False
P16455,207,False,False
P16870,476,False,False
P19823,946,False,False
P19827,911,False,False
P20742,1482,False,True
P20851,252,False,False
P22792,545,False,False
P25713,68,False,False
P29372,298,False,False
P29622,427,False,False
P30101,505,False,False
P31151,101,False,False
P35527,623,False,False
P35858,605,False,False
P35908,639,False,False
P45381,313,False,False
P46736,316,False,False
P51693,650,False,False
P60174,249,False,False
P68104,462,False,False
P68871,147,False,False
P69905,142,False,False
P78330,225,False,False
P80748,117,False,False
P81605,110,False,False
Q00987,491,False,False
Q06033,890,False,False
Q06481,763,False,False
Q06830,199,False,False
Q0VD83,1097,False,True
Q14624,930,False,False
Q8N907,189,False,False
Q96PD5,576,False,False
Q9Y2R2,807,False,False
Q13507,921,False,False
Q9Y210,931,False,False
Q14145,624,False,False
P61088,152,False,False
P22392,152,False,False
P26358,1616,False,True
P32320,146,False,False
Q96KQ7,1210,False,True
Q9UBC3,853,False,False
Q9Y6K1,912,False,False
P51788,898,False,False
O15527,345,False,False
P78549,312,False,False
Q96FI4,390,False,False
P51681,352,False,False
P30968,328,False,False
Q96RJ0,339,False,False
P00742,488,False,False
P01008,464,False,False
Q695T7,634,False,False
P07900,732,False,False
O43511,780,False,False
P07202,933,False,False
Q92911,643,False,False
B2RXH2,506,False,False
P02708,457,False,False
P17787,502,False,False
P30532,468,False,False
P30926,498,False,False
P36544,502,False,False
Q05901,458,False,False
Q15825,494,False,False
Q9GZZ6,450,False,False
Q9UGM1,479,False,False
P41180,1078,False,True
Q9BYF1,805,False,False
P05543,415,False,False
Q9NZ45,108,False,False
P41594,1212,False,True
Q9UBS5,961,False,False
Q9UN76,642,False,False
P14174,115,False,False
O94760,285,False,False
P20648,1035,False,True
P61964,334,False,False
O14727,1248,False,True
P21283,382,False,False
P55211,416,False,False
O00746,187,False,False
Q92947,438,False,False
P80365,405,False,False
P47712,749,False,False
P10415,239,False,False
Q13509,450,False,False
P00439,452,False,False
P17752,444,False,False
P31327,1500,False,True
O00141,431,False,False
P00374,187,False,False
Q02127,395,False,False
Q12882,1025,False,True
Q969G6,155,False,False
Q96CD2,204,False,False
Q9NVS9,261,False,False
Q9NYQ3,351,False,False
Q9UJM8,370,False,False
P51164,291,False,False
Q8NFI3,743,False,False
Q9UPY5,501,False,False
P02788,710,False,False
O14842,300,False,False
O60488,711,False,False
P18031,435,False,False
P24387,322,False,False
Q8N5K1,135,False,False
Q92523,772,False,False
P06133,528,False,False
P09960,611,False,False
Q9Y618,2514,False,True
P49286,362,False,False
P49327,2511,False,True
Q8WWR8,484,False,False
Q9UQ49,428,False,False
Q9Y3R4,380,False,False
Q5BJF2,176,False,False
O00625,290,False,False
P01116,189,False,False
P43250,576,False,False
Q00613,529,False,False
Q12797,758,False,False
Q15131,360,False,False
Q05BQ5,628,False,False
Q8NA19,623,False,False
Q96JM7,780,False,False
Q9Y468,840,False,False
P41440,591,False,False
Q96NT5,459,False,False
Q99707,1265,False,True
O95831,613,False,False
P00387,301,False,False
P00390,522,False,False
P09622,509,False,False
P11310,421,False,False
P15559,274,False,False
P16219,412,False,False
P22570,491,False,False
P26440,426,False,False
P55789,205,False,False
Q16795,377,False,False
Q86YB8,467,False,False
Q96RQ9,567,False,False
Q9UHQ9,305,False,False
Q9UKU7,415,False,False
O15382,392,False,False
P41252,1262,False,True
P54687,386,False,False
P00395,513,False,False
P13674,534,False,False
Q96KS0,407,False,False
Q9GZT9,426,False,False
Q9H6Z9,239,False,False
Q9NWT6,349,False,False
Q9Y5S8,564,False,False
P00797,406,False,False
Q13258,359,False,False
P07686,556,False,False
Q13393,1074,False,True
Q13822,863,False,False
P0DP23,149,False,False
O00305,520,False,False
O00555,2506,False,True
O43497,2377,False,True
O43525,872,False,False
O43526,872,False,False
O60359,315,False,False
O95180,2353,False,True
P16389,499,False,False
P17658,529,False,False
P22459,653,False,False
P48547,511,False,False
P54284,484,False,False
P56696,695,False,False
P62955,275,False,False
Q02641,598,False,False
Q03721,635,False,False
Q06432,222,False,False
Q08289,660,False,False
Q13303,367,False,False
Q14003,757,False,False
Q14721,858,False,False
Q14722,419,False,False
Q15878,2313,False,True
Q16322,511,False,False
Q6PIU1,500,False,False
Q7Z3S7,1137,False,True
Q8IZS8,1091,False,True
Q8NCM2,988,False,False
Q8TAE7,436,False,False
Q8TDN1,519,False,False
Q8TDN2,545,False,False
Q8WWG9,221,False,False
Q8WXS5,425,False,False
Q92953,911,False,False
Q96KK3,526,False,False
Q96L42,1107,False,True
Q96PR1,638,False,False
Q9BQ31,491,False,False
Q9BXT2,260,False,False
Q9H252,994,False,False
Q9H3M0,494,False,False
Q9NR82,932,False,False
Q9NS40,1196,False,True
Q9NSA2,647,False,False
Q9P0X4,2223,False,True
Q9UBN1,327,False,False
Q9UF02,275,False,False
Q9UIX4,513,False,False
Q9UJ90,142,False,False
Q9UJ96,466,False,False
Q9ULD8,1083,False,True
Q9UQ05,1017,False,False
Q9Y698,323,False,False
Q9Y6H6,103,False,False
Q9Y6J6,123,False,False
P10619,480,False,False
P49773,126,False,False
P27482,149,False,False
P31040,664,False,False
O14964,777,False,False
O60240,522,False,False
O75390,466,False,False
P12724,160,False,False
P15086,417,False,False
P40926,338,False,False
P41235,474,False,False
P62312,80,False,False
Q00G26,463,False,False
Q9BY32,194,False,False
Q9GZU7,261,False,False
Q9HB21,404,False,False
Q9UGL1,1544,False,True
O60755,368,False,False
O60603,784,False,False
P05412,331,False,False
P17174,413,False,False
P16444,411,False,False
O75762,1119,False,True
P48048,391,False,False
P78508,379,False,False
Q14500,433,False,False
Q14654,390,False,False
Q15842,424,False,False
Q99712,375,False,False
Q9HBA0,871,False,False
Q9UNX9,436,False,False
P10827,490,False,False
P10828,461,False,False
P11474,423,False,False
P55087,323,False,False
P36639,156,False,False
Q9NR97,1041,False,True
Q9NYK1,1049,False,True
Q7L0J3,742,False,False
O60841,1220,False,True
P09086,479,False,False
Q58F21,947,False,False
O00418,725,False,False
P34947,590,False,False
Q8TF76,798,False,False
Q96PF2,358,False,False
Q9BYP7,1800,False,True
Q9HBY8,367,False,False
Q9Y3S1,2297,False,True
P33176,963,False,False
Q13772,614,False,False
O14746,1132,False,True
O15440,1437,False,True
P06746,335,False,False
P23919,212,False,False
P61073,352,False,False
P02753,201,False,False
P10745,1247,False,True
P50120,134,False,False
P82980,135,False,False
P98155,873,False,False
Q9HAY6,547,False,False
O00180,336,False,False
P36537,528,False,False
Q7RTT9,530,False,False
Q96RP8,456,False,False
Q9Y257,313,False,False
Q9Y3Q4,1203,False,True
Q8N695,610,False,False
P49146,381,False,False
P08174,381,False,False
Q96GW9,593,False,False
P01375,233,False,False
P05231,212,False,False
P15104,373,False,False
P78536,824,False,False
Q9H3R0,1056,False,True
Q13118,480,False,False
Q08828,1119,False,True
O43172,522,False,False
P20248,432,False,False
P24863,283,False,False
P30989,418,False,False
P80370,383,False,False
Q9Y230,463,False,False
Q9Y265,456,False,False
P32754,393,False,False
O60669,478,False,False
Q9HAB3,445,False,False
Q12908,348,False,False
Q16774,197,False,False
Q86WA6,291,False,False
O95718,433,False,False
P00846,226,False,False
P08842,583,False,False
P14061,328,False,False
P37840,140,False,False
Q06124,593,False,False
Q12791,1236,False,True
Q14457,450,False,False
Q5T3U5,1492,False,True
Q99527,375,False,False
Q9BPX1,270,False,False
Q9BY64,529,False,False
Q9NYB5,712,False,False
Q2Y0W8,1093,False,True
Q6U841,1118,False,True
Q9BY07,1137,False,True
Q9Y6M7,1214,False,True
Q9Y6R1,1079,False,True
Q9NR19,701,False,False
Q96GD0,296,False,False
P01579,166,False,False
P05113,134,False,False
P35228,1153,False,True
P01889,362,False,False
P28332,368,False,False
O60218,316,False,False
P14555,144,False,False
P78348,528,False,False
Q9HCF6,1732,False,True
Q9UHC3,531,False,False
P40763,770,False,False
Q5XXA6,986,False,False
P48050,445,False,False
P63252,427,False,False
P00558,417,False,False
Q8TCD5,201,False,False
Q99447,389,False,False
O75874,414,False,False
O94953,1096,False,True
Q9BU89,302,False,False
O60566,1050,False,True
P11142,646,False,False
P35626,688,False,False
P41279,467,False,False
P51692,787,False,False
Q01538,1121,False,True
Q06203,517,False,False
Q15118,436,False,False
Q5TCX8,1036,False,True
Q5TCY1,1321,False,True
Q6IQ55,1244,False,True
Q92570,626,False,False
Q96KB5,322,False,False
Q99558,947,False,False
Q99986,396,False,False
Q9H4A3,2382,False,True
Q9NZJ5,1116,False,True
Q9UBS0,482,False,False
P08473,750,False,False
P27487,766,False,False
P48147,710,False,False
Q12884,760,False,False
Q6V1X1,898,False,False
Q86TI2,863,False,False
Q8WTS6,366,False,False
Q9UHL4,492,False,False
O94782,785,False,False
P17861,261,False,False
Q8TAF3,677,False,False
O43868,658,False,False
O75604,605,False,False
P00492,218,False,False
P20839,514,False,False
P51580,245,False,False
Q9HAS3,691,False,False
P35869,848,False,False
P32929,405,False,False
P40933,162,False,False
P60568,153,False,False
P08253,660,False,False
P10620,155,False,False
Q01860,360,False,False
P34998,415,False,False
P07711,333,False,False
Q03393,145,False,False
Q6IPK9,586,False,False
P00491,289,False,False
Q16549,785,False,False
Q8N0U8,176,False,False
Q9BQB6,163,False,False
Q96S37,553,False,False
P13500,99,False,False
Q96P88,292,False,False
P50579,478,False,False
P68371,445,False,False
Q71U36,451,False,False
O43246,635,False,False
P00966,412,False,False
P04424,464,False,False
P30825,629,False,False
P78540,354,False,False
Q15661,275,False,False
Q8WY07,619,False,False
Q96T88,793,False,False
O43924,150,False,False
P22079,712,False,False
P09172,617,False,False
P59533,333,False,False
P18545,87,False,False
Q13956,83,False,False
O00167,538,False,False
Q9UHY7,261,False,False
P42898,656,False,False
Q8N884,522,False,False
Q9NR96,1032,False,True
O15528,508,False,False
Q96AT9,228,False,False
P06732,381,False,False
P12277,381,False,False
P12532,417,False,False
P17540,419,False,False
P27144,223,False,False
O75475,530,False,False
P19174,1290,False,True
Q01970,1234,False,True
P08263,222,False,False
P09210,222,False,False
P49915,693,False,False
P63000,192,False,False
Q8NBI5,491,False,False
Q9NV35,164,False,False
Q9UM07,663,False,False
P30679,374,False,False
P56817,501,False,False
O60779,497,False,False
O75356,428,False,False
P13584,511,False,False
P29401,623,False,False
Q9BU02,230,False,False
Q9BZV2,496,False,False
Q9H3S4,243,False,False
P02818,100,False,False
P38435,758,False,False
P78329,520,False,False
Q9Y5Z9,338,False,False
O95255,1503,False,True
P11387,765,False,False
P62993,217,False,False
Q96IV0,654,False,False
P0DPD8,883,False,False
P42892,770,False,False
P04746,511,False,False
P35414,380,False,False
Q14697,944,False,False
Q8TET4,914,False,False
P09884,1462,False,True
P21589,574,False,False
P23921,792,False,False
P08686,495,False,False
P01303,97,False,False
Q9Y5Y4,395,False,False
Q6FHJ7,346,False,False
P04350,444,False,False
P07437,444,False,False
P0DPH7,450,False,False
P23258,451,False,False
P51843,470,False,False
P68363,451,False,False
P68366,448,False,False
Q13285,461,False,False
Q13885,445,False,False
Q3ZCM7,444,False,False
Q6PEY2,450,False,False
Q9BQE3,449,False,False
Q9BUF5,446,False,False
Q9BVA1,445,False,False
Q9H4B7,451,False,False
Q9UJT0,475,False,False
Q9UJT1,453,False,False
O15357,1258,False,True
O95644,943,False,False
P01100,380,False,False
P15336,505,False,False
P17544,483,False,False
P18846,271,False,False
P18847,181,False,False
P18848,351,False,False
P18850,670,False,False
P19838,968,False,False
Q8WYK2,163,False,False
Q92835,1189,False,True
Q9Y2D1,282,False,False
P21462,350,False,False
P23284,216,False,False
P30405,207,False,False
P48454,512,False,False
P49069,296,False,False
P62937,165,False,False
P63098,170,False,False
P68106,108,False,False
Q02790,459,False,False
Q08209,521,False,False
Q08752,370,False,False
Q96LZ3,170,False,False
V9H1D9,128,False,False
P43004,574,False,False
P31350,389,False,False
P35398,523,False,False
P56282,527,False,False
Q07864,2286,False,True
Q7LG56,351,False,False
Q9NR33,117,False,False
Q9NRF9,147,False,False
P20366,129,False,False
P05981,417,False,False
P12004,261,False,False
P36021,539,False,False
Q6ZQN7,724,False,False
Q96BD0,722,False,False
Q02928,519,False,False
P23526,432,False,False
P49902,561,False,False
P15941,1255,False,True
P10109,184,False,False
P30872,391,False,False
P30874,369,False,False
P31391,388,False,False
P35346,364,False,False
P10323,421,False,False
P55017,1021,False,False
P14770,177,False,False
Q9HC35,981,False,False
Q8TD43,1214,False,True
O00255,610,False,False
P05026,303,False,False
P13637,1013,False,False
P14415,290,False,False
P42224,750,False,False
P50993,1020,False,False
P51449,518,False,False
P54709,279,False,False
P54710,66,False,False
Q13733,1029,False,True
Q86UW1,340,False,False
Q86UW2,128,False,False
O95870,558,False,False
P06858,475,False,False
P07098,398,False,False
P11150,499,False,False
P19835,753,False,False
P20618,241,False,False
P28074,263,False,False
P49721,201,False,False
P54317,469,False,False
Q13093,441,False,False
Q6PIU2,408,False,False
Q8N2K0,398,False,False
Q8NCG7,672,False,False
Q9BV23,337,False,False
Q9Y4D2,1042,False,True
Q9Y5X9,500,False,False
O00338,296,False,False
O43704,296,False,False
O75897,302,False,False
P0DMN0,295,False,False
P50226,295,False,False
Q06520,285,False,False
Q6IMI4,303,False,False
Q6IMI6,304,False,False
Q9BR01,284,False,False
P13866,664,False,False
P31639,672,False,False
Q9NY91,659,False,False
P25090,351,False,False
Q2M3G0,1257,False,True
P54707,1039,False,True
P12081,509,False,False
P19113,662,False,False
P42357,657,False,False
Q16769,361,False,False
Q99624,504,False,False
P43490,491,False,False
Q13255,1194,False,True
P07205,417,False,False
P30520,456,False,False
P30613,574,False,False
P35558,622,False,False
P53597,346,False,False
Q16822,640,False,False
Q8N142,457,False,False
Q96I99,432,False,False
P32418,973,False,False
P48549,501,False,False
Q9NVV9,213,False,False
P25106,362,False,False
P41597,374,False,False
O95237,230,False,False
O95045,317,False,False
P11172,480,False,False
Q16831,310,False,False
O95445,188,False,False
P02655,101,False,False
P02656,99,False,False
P05090,189,False,False
O60361,137,False,False
Q9BRX8,229,False,False
O60563,726,False,False
O75909,580,False,False
P06400,928,False,False
P14635,433,False,False
P24385,295,False,False
P24864,410,False,False
P30279,289,False,False
P30281,292,False,False
P51946,323,False,False
Q15078,307,False,False
P00813,363,False,False
P0DMS9,266,False,False
Q15155,1222,False,True
Q7Z5B4,369,False,False
Q8TCT9,377,False,False
Q99829,537,False,False
Q9Y263,795,False,False
Q9Y4R7,772,False,False
P41146,370,False,False
O75795,530,False,False
Q9NRM0,540,False,False
O75311,464,False,False
P48167,497,False,False
Q9H255,320,False,False
Q96Q04,1460,False,True
P07195,334,False,False
Q9Y5Y6,855,False,False
P03956,469,False,False
O75493,328,False,False
P29972,269,False,False
Q9BZP6,476,False,False
P11166,492,False,False
P78396,465,False,False
P05107,769,False,False
P05362,532,False,False
P00414,261,False,False
P07148,127,False,False
P09669,75,False,False
P10176,69,False,False
P10606,129,False,False
P13073,169,False,False
P14854,86,False,False
P15954,63,False,False
P20674,150,False,False
P24310,79,False,False
P24311,80,False,False
P51161,128,False,False
P62508,458,False,False
Q02221,97,False,False
Q7KZA3,416,False,False
P14060,373,False,False
O43741,272,False,False
P07498,182,False,False
P25774,331,False,False
Q7Z460,1538,False,True
Q99870,160,False,False
Q9UGI9,489,False,False
Q9Y478,270,False,False
P19438,455,False,False
P25092,1073,False,True
P40238,635,False,False
Q8IWU9,490,False,False
Q9NWH9,1034,False,True
O14958,399,False,False
O75838,187,False,False
P05937,261,False,False
P06703,90,False,False
P09486,303,False,False
P0DP24,149,False,False
P0DP25,149,False,False
P13693,172,False,False
P22676,271,False,False
P27797,417,False,False
P27824,592,False,False
P28676,217,False,False
P29377,79,False,False
P30626,198,False,False
P31415,396,False,False
P62166,190,False,False
P80303,420,False,False
Q02818,461,False,False
Q13938,275,False,False
Q15493,299,False,False
Q7Z443,1732,False,True
Q86UW7,1296,False,True
Q96FQ6,103,False,False
Q96L12,384,False,False
Q99653,195,False,False
Q99828,191,False,False
Q9H1D0,765,False,False
Q9NQA5,729,False,False
Q9P0L9,805,False,False
Q9UBV8,284,False,False
Q9ULB1,1477,False,True
Q9ULU8,1353,False,True
P07858,339,False,False
P09467,338,False,False
Q04206,551,False,False
Q16236,605,False,False
Q96P20,1036,False,True
P00568,194,False,False
A0PJK1,596,False,False
Q2M3M2,681,False,False
Q8WWX8,675,False,False
P22888,699,False,False
A5LHX3,300,False,False
O14818,248,False,False
P25786,263,False,False
P25787,234,False,False
P25788,255,False,False
P25789,261,False,False
P28062,276,False,False
P28065,219,False,False
P28066,241,False,False
P28070,264,False,False
P28072,239,False,False
P40306,273,False,False
P49720,205,False,False
P60900,246,False,False
Q00653,900,False,False
Q8TAA3,256,False,False
Q99436,277,False,False
Q16602,461,False,False
P35318,185,False,False
P39086,918,False,False
Q13002,908,False,False
Q13003,919,False,False
Q16099,956,False,False
Q16478,980,False,False
P32246,355,False,False
P51685,355,False,False
O00443,1686,False,True
O00459,728,False,False
P27986,724,False,False
P42356,2102,False,True
Q8NEB9,887,False,False
P07339,412,False,False
P0DJD9,388,False,False
P14091,396,False,False
P14207,255,False,False
P15328,257,False,False
P22102,1010,False,False
P31939,592,False,False
P34896,483,False,False
Q05932,587,False,False
O15393,492,False,False
P07477,247,False,False
P12259,2224,False,True
O95136,353,False,False
O96007,188,False,False
O60894,148,False,False
O95932,706,False,False
P23416,452,False,False
P31641,620,False,False
Q14032,418,False,False
P06748,294,False,False
P41212,452,False,False
P21439,1286,False,True
P15692,395,False,False
P01106,454,False,False
P11021,654,False,False
P19440,569,False,False
P25963,317,False,False
P29466,404,False,False
P42574,277,False,False
P98066,277,False,False
Q6XQN6,538,False,False
Q15046,597,False,False
P01130,860,False,False
P04792,205,False,False
Q8NBP7,692,False,False
Q9UE13,35,False,False
Q13451,457,False,False
Q15393,1217,False,True
Q8WWZ7,1642,False,True
Q96AY3,582,False,False
Q9Y466,385,False,False
O15303,877,False,False
O75746,678,False,False
P00505,430,False,False
P08243,561,False,False
P14868,501,False,False
P20933,346,False,False
P27708,2225,False,True
P43003,542,False,False
P61626,148,False,False
Q03154,408,False,False
Q14416,872,False,False
Q5T6L4,412,False,False
Q6PI48,645,False,False
Q7L266,308,False,False
Q9UJS0,675,False,False
Q16665,826,False,False
P49588,968,False,False
Q16719,465,False,False
Q5JTZ9,985,False,False
Q8IUZ5,450,False,False
Q8N539,461,False,False
Q9BYV1,514,False,False
Q9Y697,457,False,False
Q9UIG8,710,False,False
P26639,723,False,False
Q9BW92,718,False,False
O60294,686,False,False
Q15031,903,False,False
Q9P2J5,1176,False,True
Q9UIC8,334,False,False
P00749,431,False,False
Q99623,299,False,False
P01111,189,False,False
P01112,189,False,False
P49356,437,False,False
P07510,517,False,False
P11230,501,False,False
P28329,748,False,False
Q07001,517,False,False
Q16696,494,False,False
O95363,451,False,False
P17735,454,False,False
P98170,497,False,False
Q6DWJ6,353,False,False
Q9Y285,508,False,False
Q07817,233,False,False
Q07820,350,False,False
Q92843,193,False,False
Q92934,168,False,False
Q8NB78,822,False,False
Q9Y4K0,774,False,False
O95470,568,False,False
Q96G23,380,False,False
Q9NRA0,654,False,False
Q9NYA1,384,False,False
P01584,269,False,False
A5PKW4,1024,False,False
O00231,422,False,False
O00232,456,False,False
O00487,310,False,False
O43242,534,False,False
P07384,714,False,False
P08246,267,False,False
P08254,477,False,False
P08311,255,False,False
P09237,267,False,False
P09668,335,False,False
P17538,263,False,False
P17980,439,False,False
P22894,467,False,False
P23946,247,False,False
P35998,433,False,False
P36776,959,False,False
P39900,470,False,False
P42575,452,False,False
P48556,350,False,False
P51665,324,False,False
P55036,377,False,False
P55210,303,False,False
P60896,70,False,False
P62191,440,False,False
P62195,406,False,False
P62333,389,False,False
Q13200,908,False,False
Q14790,479,False,False
Q15008,389,False,False
Q16186,407,False,False
Q99460,953,False,False
Q9UBR2,303,False,False
Q9UNM6,376,False,False
P04233,296,False,False
Q9Y256,329,False,False
P51948,309,False,False
P32245,332,False,False
P33032,325,False,False
P41968,323,False,False
Q01726,317,False,False
C9JRZ8,316,False,False
Q96JD6,320,False,False
P32745,418,False,False
Q9BPV8,354,False,False
O75530,441,False,False
Q09028,425,False,False
Q15022,739,False,False
Q15910,746,False,False
Q6ZN18,517,False,False
Q92800,747,False,False
O00206,839,False,False
P09429,215,False,False
P52209,483,False,False
P52292,529,False,False
Q15788,1441,False,True
Q92820,318,False,False
Q96J66,1382,False,True
Q9Y6Q9,1424,False,True
O75376,2440,False,True
P18440,290,False,False
O14980,1071,False,True
O14975,620,False,False
P53396,1101,False,True
O43519,23,False,False
P55157,894,False,False
P06865,529,False,False
P24666,158,False,False
Q8N543,542,False,False
Q99814,870,False,False
P36956,1147,False,True
Q8TDS5,384,False,False
P11766,374,False,False
P51648,485,False,False
P30559,389,False,False
P78417,241,False,False
O94788,518,False,False
P00352,501,False,False
P28562,367,False,False
P29373,138,False,False
P29762,137,False,False
P30305,580,False,False
P31025,176,False,False
P49116,596,False,False
P49788,294,False,False
P61604,102,False,False
Q13526,163,False,False
Q14081,44,False,False
Q16654,411,False,False
Q6V0L0,522,False,False
Q8NFJ5,357,False,False
Q92753,470,False,False
Q9NY56,170,False,False
P00367,558,False,False
P05112,153,False,False
Q9UBK2,798,False,False
Q6ZWH5,1172,False,True
P13639,858,False,False
P23560,247,False,False
P52732,1056,False,True
Q16878,200,False,False
Q63HM9,321,False,False
Q9UNP4,418,False,False
P21730,350,False,False
P48735,452,False,False
Q9GZQ4,415,False,False
Q9HB89,426,False,False
P42262,883,False,False
P83111,547,False,False
Q16568,116,False,False
P02675,491,False,False
P55212,293,False,False
P07099,455,False,False
P08620,206,False,False
P09038,288,False,False
P61024,79,False,False
Q9UL51,889,False,False
Q14376,348,False,False
Q15596,1464,False,True
P06730,217,False,False
Q00688,224,False,False
Q53EL6,469,False,False
Q9NYX4,217,False,False
P26447,101,False,False
P63316,161,False,False
Q9BY08,206,False,False
P56192,900,False,False
Q00266,395,False,False
Q9H2M3,363,False,False
Q9NZL9,334,False,False
Q9UBK8,698,False,False
Q9UJ68,235,False,False
Q9Y3D2,182,False,False
Q63ZE4,541,False,False
Q8WVY7,318,False,False
P00746,253,False,False
P11137,1827,False,True
P27816,1152,False,True
Q9HC29,1040,False,True
P25815,95,False,False
Q9Y251,543,False,False
P12883,1935,False,True
Q16637,294,False,False
P14672,509,False,False
Q04609,750,False,False
P05166,539,False,False
P26640,1264,False,True
P04141,144,False,False
P10147,92,False,False
P13236,92,False,False
Q13422,519,False,False
Q14676,2089,False,True
Q16531,1140,False,True
Q96JP5,570,False,False
Q9UKT9,509,False,False
P41182,706,False,False
Q9GZV3,580,False,False
Q15109,404,False,False
Q99598,290,False,False
P21980,687,False,False
P30711,240,False,False
O95528,541,False,False
P11168,524,False,False
P11169,496,False,False
P19367,917,False,False
P22732,501,False,False
P35557,465,False,False
Q6PXP3,512,False,False
Q8TD20,617,False,False
Q9BYW1,496,False,False
Q9NY64,477,False,False
Q9UGQ3,507,False,False
P11678,715,False,False
P46597,345,False,False
O43148,476,False,False
P56181,108,False,False
P15289,507,False,False
P11086,282,False,False
O15540,132,False,False
O60427,444,False,False
P05089,322,False,False
Q99456,494,False,False
Q9HC16,384,False,False
Q9UQF2,711,False,False
Q14330,331,False,False
Q9Y2T6,319,False,False
O76054,403,False,False
O95477,2261,False,True
P21266,225,False,False
P23743,735,False,False
P45844,678,False,False
P48506,637,False,False
P49638,278,False,False
P55058,493,False,False
P62714,309,False,False
P67775,309,False,False
Q8WTV0,552,False,False
Q9NPH5,578,False,False
Q9UDX3,406,False,False
Q9UDX4,400,False,False
Q8NET8,790,False,False
O60741,890,False,False
Q9P1Z3,774,False,False
O60706,1549,False,True
Q15465,462,False,False
Q14181,598,False,False
P0DMV8,641,False,False
P14625,803,False,False
P17302,382,False,False
Q86U44,580,False,False
Q8TCG2,481,False,False
Q8TEK3,1537,False,True
Q9BTU6,479,False,False
Q9BZD2,475,False,False
Q9UQQ2,575,False,False
Q9UDY8,824,False,False
Q8TCT1,267,False,False
Q969P6,601,False,False
Q9NRC8,400,False,False
O60256,369,False,False
P60891,318,False,False
O75688,479,False,False
P36873,323,False,False
P53041,499,False,False
P25116,425,False,False
P50281,582,False,False
P53582,386,False,False
Q99807,217,False,False
P49019,387,False,False
Q15166,354,False,False
P24593,272,False,False
Q01344,420,False,False
P08729,469,False,False
P22736,598,False,False
Q6NS38,261,False,False
Q96Q83,286,False,False
Q86V67,102,False,False
P0CG29,244,False,False
P0CG30,244,False,False
P28161,218,False,False
P46439,218,False,False
Q03013,218,False,False
Q13443,819,False,False
P48544,419,False,False
D6RB81,367,False,False
P07204,575,False,False
P07359,652,False,False
P49662,377,False,False
P51878,434,False,False
Q2NL67,630,False,False
Q7Z3E1,657,False,False
P04839,570,False,False
P13498,195,False,False
P14598,390,False,False
P15153,192,False,False
P19878,526,False,False
P59540,309,False,False
Q15080,339,False,False
O43193,412,False,False
O75251,213,False,False
O75306,463,False,False
O75489,264,False,False
Q14978,699,False,False
Q9NUT2,735,False,False
Q9UBM7,475,False,False
Q9H8M2,597,False,False
Q9NPI1,651,False,False
O14843,346,False,False
O15552,330,False,False
P04439,365,False,False
Q99705,353,False,False
P00325,375,False,False
P07327,375,False,False
P08319,380,False,False
P19320,739,False,False
P32004,1257,False,True
P40394,386,False,False
P48051,423,False,False
P48058,902,False,False
Q92806,393,False,False
O14756,317,False,False
Q9BPW9,319,False,False
O15460,535,False,False
O43447,177,False,False
O94903,275,False,False
P07814,1512,False,True
P32322,319,False,False
P45877,212,False,False
Q13427,754,False,False
Q32P28,736,False,False
Q4W8W1,319,False,False
Q53H96,274,False,False
Q7L3T8,475,False,False
Q8IVL5,708,False,False
Q8IVL6,736,False,False
Q96C36,320,False,False
Q96EM0,354,False,False
Q99884,636,False,False
P23381,471,False,False
Q13304,367,False,False
Q9UGM6,360,False,False
O14717,391,False,False
O14744,637,False,False
O75365,173,False,False
P19801,751,False,False
P21673,171,False,False
Q12974,167,False,False
Q93096,173,False,False
O15054,1643,False,True
O75164,1064,False,True
P29375,1690,False,True
Q8IV63,474,False,False
Q03518,748,False,False
O15492,202,False,False
P49795,217,False,False
P49802,495,False,False
P57771,180,False,False
Q6N021,2002,False,True
P40261,264,False,False
Q15274,297,False,False
Q99489,341,False,False
O00222,908,False,False
O00341,560,False,False
O14841,1288,False,True
O15067,1338,False,True
O94925,669,False,False
O95954,541,False,False
P48507,274,False,False
P48664,564,False,False
P49448,558,False,False
P54886,795,False,False
Q05329,585,False,False
Q07075,957,False,False
Q14831,915,False,False
Q14832,879,False,False
Q14833,912,False,False
Q2TU84,413,False,False
Q5JPH6,523,False,False
Q6IA69,706,False,False
Q8N159,534,False,False
Q8N5Z0,425,False,False
Q99259,594,False,False
Q9H1K4,315,False,False
Q9H936,323,False,False
Q9UDR5,926,False,False
Q9UI32,602,False,False
Q9ULA0,485,False,False
Q9Y617,370,False,False
Q9Y646,472,False,False
O60568,738,False,False
P55809,520,False,False
Q13183,592,False,False
Q16798,604,False,False
Q7Z4W1,244,False,False
Q8WWT9,602,False,False
Q99643,169,False,False
Q9BXA5,334,False,False
Q9BZW2,595,False,False
Q9UBX3,287,False,False
O96028,1365,False,True
P27695,318,False,False
P67870,215,False,False
Q13148,414,False,False
Q13564,534,False,False
Q8NEV1,391,False,False
Q8TBC4,463,False,False
Q9NZ20,509,False,False
P32302,372,False,False
P58335,489,False,False
Q8N8N7,351,False,False
Q9UP65,541,False,False
P48637,474,False,False
P12955,493,False,False
P13716,330,False,False
Q8NB16,471,False,False
Q9H792,1746,False,True
Q9NWT8,199,False,False
Q9H9B1,1298,False,True
Q15722,352,False,False
Q9NS75,346,False,False
