drug_chembl_id,target_uniprot_id,label,smiles,sequence,molfile_3d,rxcui
CHEMBL1000,O15245,0,O=C(O)COCCN1CCN(C(c2ccccc2)c2ccc(Cl)cc2)CC1,MPTVDDILEQVGESGWFQKQAFLILCLLSAAFAPICVGIVFLGFTPDHHCQSPGVAELSQRCGWSPAEELNYTVPGLGPAGEAFLGQCRRYEVDWNQSALSCVDPLASLATNRSHLPLGPCQDGWVYDTPGSSIVTEFNLVCADSWKLDLFQSCLNAGFLFGSLGVGYFADRFGRKLCLLGTVLVNAVSGVLMAFSPNYMSMLLFRLLQGLVSKGNWMAGYTLITEFVGSGSRRTVAIMYQMAFTVGLVALTGLAYALPHWRWLQLAVSLPTFLFLLYYWCVPESPRWLLSQKRNTEAIKIMDHIAQKNGKLPPADLKMLSLEEDVTEKLSPSFADLFRTPRLRKRTFILMYLWFTDSVLYQGLILHMGATSGNLYLDFLYSALVEIPGAFIALITIDRVGRIYPMAMSNLLAGAACLVMIFISPDLHWLNIIIMCVGRMGITIAIQMICLVNAELYPTFVRNLGVMVCSSLCDIGGIITPFIVFRLREVWQALPLILFAVLGLLAAGVTLLLPETKGVALPETMKDAENLGRKAKPKENTIYLKVQTSEPSGT,"
     RDKit          3D

 52 54  0  0  0  0  0  0  0  0999 V2000
    4.7384    2.4573    1.5227 O   0  0  0  0  0  0  0  0  0  0  0  0
    5.5739    1.5728    1.6109 C   0  0  0  0  0  0  0  0  0  0  0  0
    6.3350    1.4689    2.7222 O   0  0  0  0  0  0  0  0  0  0  0  0
    5.8976    0.4859    0.5897 C   0  0  0  0  0  0  0  0  0  0  0  0
    5.1854    0.5453   -0.6393 O   0  0  0  0  0  0  0  0  0  0  0  0
    3.8222    0.1279   -0.5117 C   0  0  0  0  0  0  0  0  0  0  0  0
    3.1402    0.2434   -1.8868 C   0  0  0  0  0  0  0  0  0  0  0  0
    1.7109   -0.0783   -1.9603 N   0  0  0  0  0  0  0  0  0  0  0  0
    0.8477    0.8050   -1.1555 C   0  0  0  0  0  0  0  0  0  0  0  0
    0.2048    0.1222    0.0748 C   0  0  0  0  0  0  0  0  0  0  0  0
   -0.5301   -1.1190   -0.2197 N   0  0  0  0  0  0  0  0  0  0  0  0
   -2.0050   -1.0720   -0.0747 C   0  0  0  0  0  0  0  0  0  0  0  0
   -2.6920    0.0013   -0.9349 C   0  0  0  0  0  0  0  0  0  0  0  0
   -2.8465    1.3291   -0.4972 C   0  0  0  0  0  0  0  0  0  0  0  0
   -3.4729    2.2835   -1.3019 C   0  0  0  0  0  0  0  0  0  0  0  0
   -3.9595    1.9277   -2.5568 C   0  0  0  0  0  0  0  0  0  0  0  0
   -3.8246    0.6172   -3.0066 C   0  0  0  0  0  0  0  0  0  0  0  0
   -3.1994   -0.3381   -2.2022 C   0  0  0  0  0  0  0  0  0  0  0  0
   -2.4871   -1.1126    1.3935 C   0  0  0  0  0  0  0  0  0  0  0  0
   -1.6131   -1.3694    2.4657 C   0  0  0  0  0  0  0  0  0  0  0  0
   -2.0816   -1.4408    3.7818 C   0  0  0  0  0  0  0  0  0  0  0  0
   -3.4377   -1.2772    4.0448 C   0  0  0  0  0  0  0  0  0  0  0  0
   -4.0137   -1.3666    5.6632 Cl  0  0  0  0  0  0  0  0  0  0  0  0
   -4.3308   -1.0537    3.0026 C   0  0  0  0  0  0  0  0  0  0  0  0
   -3.8603   -0.9833    1.6879 C   0  0  0  0  0  0  0  0  0  0  0  0
   -0.0857   -1.7443   -1.4780 C   0  0  0  0  0  0  0  0  0  0  0  0
    1.4156   -1.5036   -1.7507 C   0  0  0  0  0  0  0  0  0  0  0  0
    6.0405    2.2206    3.2792 H   0  0  0  0  0  0  0  0  0  0  0  0
    6.9582    0.5926    0.3384 H   0  0  0  0  0  0  0  0  0  0  0  0
    5.7525   -0.4952    1.0558 H   0  0  0  0  0  0  0  0  0  0  0  0
    3.8034   -0.9080   -0.1579 H   0  0  0  0  0  0  0  0  0  0  0  0
    3.3112    0.7604    0.2196 H   0  0  0  0  0  0  0  0  0  0  0  0
    3.6869   -0.3843   -2.6034 H   0  0  0  0  0  0  0  0  0  0  0  0
    3.2893    1.2642   -2.2639 H   0  0  0  0  0  0  0  0  0  0  0  0
    1.3817    1.7078   -0.8343 H   0  0  0  0  0  0  0  0  0  0  0  0
    0.0457    1.1613   -1.8139 H   0  0  0  0  0  0  0  0  0  0  0  0
   -0.3921    0.8476    0.6344 H   0  0  0  0  0  0  0  0  0  0  0  0
    1.0163   -0.1497    0.7631 H   0  0  0  0  0  0  0  0  0  0  0  0
   -2.3718   -2.0430   -0.4437 H   0  0  0  0  0  0  0  0  0  0  0  0
   -2.4903    1.6314    0.4850 H   0  0  0  0  0  0  0  0  0  0  0  0
   -3.5816    3.3049   -0.9466 H   0  0  0  0  0  0  0  0  0  0  0  0
   -4.4447    2.6713   -3.1835 H   0  0  0  0  0  0  0  0  0  0  0  0
   -4.2044    0.3376   -3.9859 H   0  0  0  0  0  0  0  0  0  0  0  0
   -3.1067   -1.3558   -2.5757 H   0  0  0  0  0  0  0  0  0  0  0  0
   -0.5518   -1.5282    2.2886 H   0  0  0  0  0  0  0  0  0  0  0  0
   -1.3825   -1.6331    4.5910 H   0  0  0  0  0  0  0  0  0  0  0  0
   -5.3929   -0.9388    3.2010 H   0  0  0  0  0  0  0  0  0  0  0  0
   -4.5821   -0.8241    0.8879 H   0  0  0  0  0  0  0  0  0  0  0  0
   -0.6463   -1.3678   -2.3406 H   0  0  0  0  0  0  0  0  0  0  0  0
   -0.2656   -2.8242   -1.4204 H   0  0  0  0  0  0  0  0  0  0  0  0
    1.7093   -2.0623   -2.6470 H   0  0  0  0  0  0  0  0  0  0  0  0
    1.9857   -1.9188   -0.9112 H   0  0  0  0  0  0  0  0  0  0  0  0
  1  2  2  0
  2  3  1  0
  2  4  1  0
  4  5  1  0
  5  6  1  0
  6  7  1  0
  7  8  1  0
  8  9  1  0
  9 10  1  0
 10 11  1  0
 11 12  1  0
 12 13  1  0
 13 14  2  0
 14 15  1  0
 15 16  2  0
 16 17  1  0
 17 18  2  0
 12 19  1  0
 19 20  2  0
 20 21  1  0
 21 22  2  0
 22 23  1  0
 22 24  1  0
 24 25  2  0
 11 26  1  0
 26 27  1  0
 27  8  1  0
 18 13  1  0
 25 19  1  0
  3 28  1  0
  4 29  1  0
  4 30  1  0
  6 31  1  0
  6 32  1  0
  7 33  1  0
  7 34  1  0
  9 35  1  0
  9 36  1  0
 10 37  1  0
 10 38  1  0
 12 39  1  0
 14 40  1  0
 15 41  1  0
 16 42  1  0
 17 43  1  0
 18 44  1  0
 20 45  1  0
 21 46  1  0
 24 47  1  0
 25 48  1  0
 26 49  1  0
 26 50  1  0
 27 51  1  0
 27 52  1  0
M  END
",20610
CHEMBL1000,P08183,1,O=C(O)COCCN1CCN(C(c2ccccc2)c2ccc(Cl)cc2)CC1,MDLEGDRNGGAKKKNFFKLNNKSEKDKKEKKPTVSVFSMFRYSNWLDKLYMVVGTLAAIIHGAGLPLMMLVFGEMTDIFANAGNLEDLMSNITNRSDINDTGFFMNLEEDMTRYAYYYSGIGAGVLVAAYIQVSFWCLAAGRQIHKIRKQFFHAIMRQEIGWFDVHDVGELNTRLTDDVSKINEGIGDKIGMFFQSMATFFTGFIVGFTRGWKLTLVILAISPVLGLSAAVWAKILSSFTDKELLAYAKAGAVAEEVLAAIRTVIAFGGQKKELERYNKNLEEAKRIGIKKAITANISIGAAFLLIYASYALAFWYGTTLVLSGEYSIGQVLTVFFSVLIGAFSVGQASPSIEAFANARGAAYEIFKIIDNKPSIDSYSKSGHKPDNIKGNLEFRNVHFSYPSRKEVKILKGLNLKVQSGQTVALVGNSGCGKSTTVQLMQRLYDPTEGMVSVDGQDIRTINVRFLREIIGVVSQEPVLFATTIAENIRYGRENVTMDEIEKAVKEANAYDFIMKLPHKFDTLVGERGAQLSGGQKQRIAIARALVRNPKILLLDEATSALDTESEAVVQVALDKARKGRTTIVIAHRLSTVRNADVIAGFDDGVIVEKGNHDELMKEKGIYFKLVTMQTAGNEVELENAADESKSEIDALEMSSNDSRSSLIRKRSTRRSVRGSQAQDRKLSTKEALDESIPPVSFWRIMKLNLTEWPYFVVGVFCAIINGGLQPAFAIIFSKIIGVFTRIDDPETKRQNSNLFSLLFLALGIISFITFFLQGFTFGKAGEILTKRLRYMVFRSMLRQDVSWFDDPKNTTGALTTRLANDAAQVKGAIGSRLAVITQNIANLGTGIIISFIYGWQLTLLLLAIVPIIAIAGVVEMKMLSGQALKDKKELEGSGKIATEAIENFRTVVSLTQEQKFEHMYAQSLQVPYRNSLRKAHIFGITFSFTQAMMYFSYAGCFRFGAYLVAHKLMSFEDVLLVFSAVVFGAMAVGQVSSFAPDYAKAKISAAHIIMIIEKTPLIDSYSTEGLMPNTLEGNVTFGEVVFNYPTRPDIPVLQGLSLEVKKGQTLALVGSSGCGKSTVVQLLERFYDPLAGKVLLDGKEIKRLNVQWLRAHLGIVSQEPILFDCSIAENIAYGDNSRVVSQEEIVRAAKEANIHAFIESLPNKYSTKVGDKGTQLSGGQKQRIAIARALVRQPHILLLDEATSALDTESEKVVQEALDKAREGRTCIVIAHRLSTIQNADLIVVFQNGRVKEHGTHQQLLAQKGIYFSMVSVQAGTKRQ,"
     RDKit          3D

 52 54  0  0  0  0  0  0  0  0999 V2000
    4.7384    2.4573    1.5227 O   0  0  0  0  0  0  0  0  0  0  0  0
    5.5739    1.5728    1.6109 C   0  0  0  0  0  0  0  0  0  0  0  0
    6.3350    1.4689    2.7222 O   0  0  0  0  0  0  0  0  0  0  0  0
    5.8976    0.4859    0.5897 C   0  0  0  0  0  0  0  0  0  0  0  0
    5.1854    0.5453   -0.6393 O   0  0  0  0  0  0  0  0  0  0  0  0
    3.8222    0.1279   -0.5117 C   0  0  0  0  0  0  0  0  0  0  0  0
    3.1402    0.2434   -1.8868 C   0  0  0  0  0  0  0  0  0  0  0  0
    1.7109   -0.0783   -1.9603 N   0  0  0  0  0  0  0  0  0  0  0  0
    0.8477    0.8050   -1.1555 C   0  0  0  0  0  0  0  0  0  0  0  0
    0.2048    0.1222    0.0748 C   0  0  0  0  0  0  0  0  0  0  0  0
   -0.5301   -1.1190   -0.2197 N   0  0  0  0  0  0  0  0  0  0  0  0
   -2.0050   -1.0720   -0.0747 C   0  0  0  0  0  0  0  0  0  0  0  0
   -2.6920    0.0013   -0.9349 C   0  0  0  0  0  0  0  0  0  0  0  0
   -2.8465    1.3291   -0.4972 C   0  0  0  0  0  0  0  0  0  0  0  0
   -3.4729    2.2835   -1.3019 C   0  0  0  0  0  0  0  0  0  0  0  0
   -3.9595    1.9277   -2.5568 C   0  0  0  0  0  0  0  0  0  0  0  0
   -3.8246    0.6172   -3.0066 C   0  0  0  0  0  0  0  0  0  0  0  0
   -3.1994   -0.3381   -2.2022 C   0  0  0  0  0  0  0  0  0  0  0  0
   -2.4871   -1.1126    1.3935 C   0  0  0  0  0  0  0  0  0  0  0  0
   -1.6131   -1.3694    2.4657 C   0  0  0  0  0  0  0  0  0  0  0  0
   -2.0816   -1.4408    3.7818 C   0  0  0  0  0  0  0  0  0  0  0  0
   -3.4377   -1.2772    4.0448 C   0  0  0  0  0  0  0  0  0  0  0  0
   -4.0137   -1.3666    5.6632 Cl  0  0  0  0  0  0  0  0  0  0  0  0
   -4.3308   -1.0537    3.0026 C   0  0  0  0  0  0  0  0  0  0  0  0
   -3.8603   -0.9833    1.6879 C   0  0  0  0  0  0  0  0  0  0  0  0
   -0.0857   -1.7443   -1.4780 C   0  0  0  0  0  0  0  0  0  0  0  0
    1.4156   -1.5036   -1.7507 C   0  0  0  0  0  0  0  0  0  0  0  0
    6.0405    2.2206    3.2792 H   0  0  0  0  0  0  0  0  0  0  0  0
    6.9582    0.5926    0.3384 H   0  0  0  0  0  0  0  0  0  0  0  0
    5.7525   -0.4952    1.0558 H   0  0  0  0  0  0  0  0  0  0  0  0
    3.8034   -0.9080   -0.1579 H   0  0  0  0  0  0  0  0  0  0  0  0
    3.3112    0.7604    0.2196 H   0  0  0  0  0  0  0  0  0  0  0  0
    3.6869   -0.3843   -2.6034 H   0  0  0  0  0  0  0  0  0  0  0  0
    3.2893    1.2642   -2.2639 H   0  0  0  0  0  0  0  0  0  0  0  0
    1.3817    1.7078   -0.8343 H   0  0  0  0  0  0  0  0  0  0  0  0
    0.0457    1.1613   -1.8139 H   0  0  0  0  0  0  0  0  0  0  0  0
   -0.3921    0.8476    0.6344 H   0  0  0  0  0  0  0  0  0  0  0  0
    1.0163   -0.1497    0.7631 H   0  0  0  0  0  0  0  0  0  0  0  0
   -2.3718   -2.0430   -0.4437 H   0  0  0  0  0  0  0  0  0  0  0  0
   -2.4903    1.6314    0.4850 H   0  0  0  0  0  0  0  0  0  0  0  0
   -3.5816    3.3049   -0.9466 H   0  0  0  0  0  0  0  0  0  0  0  0
   -4.4447    2.6713   -3.1835 H   0  0  0  0  0  0  0  0  0  0  0  0
   -4.2044    0.3376   -3.9859 H   0  0  0  0  0  0  0  0  0  0  0  0
   -3.1067   -1.3558   -2.5757 H   0  0  0  0  0  0  0  0  0  0  0  0
   -0.5518   -1.5282    2.2886 H   0  0  0  0  0  0  0  0  0  0  0  0
   -1.3825   -1.6331    4.5910 H   0  0  0  0  0  0  0  0  0  0  0  0
   -5.3929   -0.9388    3.2010 H   0  0  0  0  0  0  0  0  0  0  0  0
   -4.5821   -0.8241    0.8879 H   0  0  0  0  0  0  0  0  0  0  0  0
   -0.6463   -1.3678   -2.3406 H   0  0  0  0  0  0  0  0  0  0  0  0
   -0.2656   -2.8242   -1.4204 H   0  0  0  0  0  0  0  0  0  0  0  0
    1.7093   -2.0623   -2.6470 H   0  0  0  0  0  0  0  0  0  0  0  0
    1.9857   -1.9188   -0.9112 H   0  0  0  0  0  0  0  0  0  0  0  0
  1  2  2  0
  2  3  1  0
  2  4  1  0
  4  5  1  0
  5  6  1  0
  6  7  1  0
  7  8  1  0
  8  9  1  0
  9 10  1  0
 10 11  1  0
 11 12  1  0
 12 13  1  0
 13 14  2  0
 14 15  1  0
 15 16  2  0
 16 17  1  0
 17 18  2  0
 12 19  1  0
 19 20  2  0
 20 21  1  0
 21 22  2  0
 22 23  1  0
 22 24  1  0
 24 25  2  0
 11 26  1  0
 26 27  1  0
 27  8  1  0
 18 13  1  0
 25 19  1  0
  3 28  1  0
  4 29  1  0
  4 30  1  0
  6 31  1  0
  6 32  1  0
  7 33  1  0
  7 34  1  0
  9 35  1  0
  9 36  1  0
 10 37  1  0
 10 38  1  0
 12 39  1  0
 14 40  1  0
 15 41  1  0
 16 42  1  0
 17 43  1  0
 18 44  1  0
 20 45  1  0
 21 46  1  0
 24 47  1  0
 25 48  1  0
 26 49  1  0
 26 50  1  0
 27 51  1  0
 27 52  1  0
M  END
",20610
CHEMBL1000,P35367,1,O=C(O)COCCN1CCN(C(c2ccccc2)c2ccc(Cl)cc2)CC1,MSLPNSSCLLEDKMCEGNKTTMASPQLMPLVVVLSTICLVTVGLNLLVLYAVRSERKLHTVGNLYIVSLSVADLIVGAVVMPMNILYLLMSKWSLGRPLCLFWLSMDYVASTASIFSVFILCIDRYRSVQQPLRYLKYRTKTRASATILGAWFLSFLWVIPILGWNHFMQQTSVRREDKCETDFYDVTWFKVMTAIINFYLPTLLMLWFYAKIYKAVRQHCQHRELINRSLPSFSEIKLRPENPKGDAKKPGKESPWEVLKRKPKDAGGGSVLKSPSQTPKEMKSPVVFSQEDDREVDKLYCFPLDIVHMQAAAEGSSRDYVAVNRSHGQLKTDEQGLNTHGASEISEDQMLGDSQSFSRTDSDTTTETAPGKGKLRSGSNTGLDYIKFTWKRLRSHSRQYVSGLHMNRERKAAKQLGFIMAAFILCWIPYFIFFMVIAFCKNCCNEHLHMFTIWLGYINSTLNPLIYPLCNENFKKTFKRILHIRS,"
     RDKit          3D

 52 54  0  0  0  0  0  0  0  0999 V2000
    4.7384    2.4573    1.5227 O   0  0  0  0  0  0  0  0  0  0  0  0
    5.5739    1.5728    1.6109 C   0  0  0  0  0  0  0  0  0  0  0  0
    6.3350    1.4689    2.7222 O   0  0  0  0  0  0  0  0  0  0  0  0
    5.8976    0.4859    0.5897 C   0  0  0  0  0  0  0  0  0  0  0  0
    5.1854    0.5453   -0.6393 O   0  0  0  0  0  0  0  0  0  0  0  0
    3.8222    0.1279   -0.5117 C   0  0  0  0  0  0  0  0  0  0  0  0
    3.1402    0.2434   -1.8868 C   0  0  0  0  0  0  0  0  0  0  0  0
    1.7109   -0.0783   -1.9603 N   0  0  0  0  0  0  0  0  0  0  0  0
    0.8477    0.8050   -1.1555 C   0  0  0  0  0  0  0  0  0  0  0  0
    0.2048    0.1222    0.0748 C   0  0  0  0  0  0  0  0  0  0  0  0
   -0.5301   -1.1190   -0.2197 N   0  0  0  0  0  0  0  0  0  0  0  0
   -2.0050   -1.0720   -0.0747 C   0  0  0  0  0  0  0  0  0  0  0  0
   -2.6920    0.0013   -0.9349 C   0  0  0  0  0  0  0  0  0  0  0  0
   -2.8465    1.3291   -0.4972 C   0  0  0  0  0  0  0  0  0  0  0  0
   -3.4729    2.2835   -1.3019 C   0  0  0  0  0  0  0  0  0  0  0  0
   -3.9595    1.9277   -2.5568 C   0  0  0  0  0  0  0  0  0  0  0  0
   -3.8246    0.6172   -3.0066 C   0  0  0  0  0  0  0  0  0  0  0  0
   -3.1994   -0.3381   -2.2022 C   0  0  0  0  0  0  0  0  0  0  0  0
   -2.4871   -1.1126    1.3935 C   0  0  0  0  0  0  0  0  0  0  0  0
   -1.6131   -1.3694    2.4657 C   0  0  0  0  0  0  0  0  0  0  0  0
   -2.0816   -1.4408    3.7818 C   0  0  0  0  0  0  0  0  0  0  0  0
   -3.4377   -1.2772    4.0448 C   0  0  0  0  0  0  0  0  0  0  0  0
   -4.0137   -1.3666    5.6632 Cl  0  0  0  0  0  0  0  0  0  0  0  0
   -4.3308   -1.0537    3.0026 C   0  0  0  0  0  0  0  0  0  0  0  0
   -3.8603   -0.9833    1.6879 C   0  0  0  0  0  0  0  0  0  0  0  0
   -0.0857   -1.7443   -1.4780 C   0  0  0  0  0  0  0  0  0  0  0  0
    1.4156   -1.5036   -1.7507 C   0  0  0  0  0  0  0  0  0  0  0  0
    6.0405    2.2206    3.2792 H   0  0  0  0  0  0  0  0  0  0  0  0
    6.9582    0.5926    0.3384 H   0  0  0  0  0  0  0  0  0  0  0  0
    5.7525   -0.4952    1.0558 H   0  0  0  0  0  0  0  0  0  0  0  0
    3.8034   -0.9080   -0.1579 H   0  0  0  0  0  0  0  0  0  0  0  0
    3.3112    0.7604    0.2196 H   0  0  0  0  0  0  0  0  0  0  0  0
    3.6869   -0.3843   -2.6034 H   0  0  0  0  0  0  0  0  0  0  0  0
    3.2893    1.2642   -2.2639 H   0  0  0  0  0  0  0  0  0  0  0  0
    1.3817    1.7078   -0.8343 H   0  0  0  0  0  0  0  0  0  0  0  0
    0.0457    1.1613   -1.8139 H   0  0  0  0  0  0  0  0  0  0  0  0
   -0.3921    0.8476    0.6344 H   0  0  0  0  0  0  0  0  0  0  0  0
    1.0163   -0.1497    0.7631 H   0  0  0  0  0  0  0  0  0  0  0  0
   -2.3718   -2.0430   -0.4437 H   0  0  0  0  0  0  0  0  0  0  0  0
   -2.4903    1.6314    0.4850 H   0  0  0  0  0  0  0  0  0  0  0  0
   -3.5816    3.3049   -0.9466 H   0  0  0  0  0  0  0  0  0  0  0  0
   -4.4447    2.6713   -3.1835 H   0  0  0  0  0  0  0  0  0  0  0  0
   -4.2044    0.3376   -3.9859 H   0  0  0  0  0  0  0  0  0  0  0  0
   -3.1067   -1.3558   -2.5757 H   0  0  0  0  0  0  0  0  0  0  0  0
   -0.5518   -1.5282    2.2886 H   0  0  0  0  0  0  0  0  0  0  0  0
   -1.3825   -1.6331    4.5910 H   0  0  0  0  0  0  0  0  0  0  0  0
   -5.3929   -0.9388    3.2010 H   0  0  0  0  0  0  0  0  0  0  0  0
   -4.5821   -0.8241    0.8879 H   0  0  0  0  0  0  0  0  0  0  0  0
   -0.6463   -1.3678   -2.3406 H   0  0  0  0  0  0  0  0  0  0  0  0
   -0.2656   -2.8242   -1.4204 H   0  0  0  0  0  0  0  0  0  0  0  0
    1.7093   -2.0623   -2.6470 H   0  0  0  0  0  0  0  0  0  0  0  0
    1.9857   -1.9188   -0.9112 H   0  0  0  0  0  0  0  0  0  0  0  0
  1  2  2  0
  2  3  1  0
  2  4  1  0
  4  5  1  0
  5  6  1  0
  6  7  1  0
  7  8  1  0
  8  9  1  0
  9 10  1  0
 10 11  1  0
 11 12  1  0
 12 13  1  0
 13 14  2  0
 14 15  1  0
 15 16  2  0
 16 17  1  0
 17 18  2  0
 12 19  1  0
 19 20  2  0
 20 21  1  0
 21 22  2  0
 22 23  1  0
 22 24  1  0
 24 25  2  0
 11 26  1  0
 26 27  1  0
 27  8  1  0
 18 13  1  0
 25 19  1  0
  3 28  1  0
  4 29  1  0
  4 30  1  0
  6 31  1  0
  6 32  1  0
  7 33  1  0
  7 34  1  0
  9 35  1  0
  9 36  1  0
 10 37  1  0
 10 38  1  0
 12 39  1  0
 14 40  1  0
 15 41  1  0
 16 42  1  0
 17 43  1  0
 18 44  1  0
 20 45  1  0
 21 46  1  0
 24 47  1  0
 25 48  1  0
 26 49  1  0
 26 50  1  0
 27 51  1  0
 27 52  1  0
M  END
",20610
CHEMBL1000,Q02763,0,O=C(O)COCCN1CCN(C(c2ccccc2)c2ccc(Cl)cc2)CC1,MDSLASLVLCGVSLLLSGTVEGAMDLILINSLPLVSDAETSLTCIASGWRPHEPITIGRDFEALMNQHQDPLEVTQDVTREWAKKVVWKREKASKINGAYFCEGRVRGEAIRIRTMKMRQQASFLPATLTMTVDKGDNVNISFKKVLIKEEDAVIYKNGSFIHSVPRHEVPDILEVHLPHAQPQDAGVYSARYIGGNLFTSAFTRLIVRRCEAQKWGPECNHLCTACMNNGVCHEDTGECICPPGFMGRTCEKACELHTFGRTCKERCSGQEGCKSYVFCLPDPYGCSCATGWKGLQCNEACHPGFYGPDCKLRCSCNNGEMCDRFQGCLCSPGWQGLQCEREGIQRMTPKIVDLPDHIEVNSGKFNPICKASGWPLPTNEEMTLVKPDGTVLHPKDFNHTDHFSVAIFTIHRILPPDSGVWVCSVNTVAGMVEKPFNISVKVLPKPLNAPNVIDTGHNFAVINISSEPYFGDGPIKSKKLLYKPVNHYEAWQHIQVTNEIVTLNYLEPRTEYELCVQLVRRGEGGEGHPGPVRRFTTASIGLPPPRGLNLLPKSQTTLNLTWQPIFPSSEDDFYVEVERRSVQKSDQQNIKVPGNLTSVLLNNLHPREQYVVRARVNTKAQGEWSEDLTAWTLSDILPPQPENIKISNITHSSAVISWTILDGYSISSITIRYKVQGKNEDQHVDVKIKNATITQYQLKGLEPETAYQVDIFAENNIGSSNPAFSHELVTLPESQAPADLGGGKMLLIAILGSAGMTCLTVLLAFLIILQLKRANVQRRMAQAFQNVREEPAVQFNSGTLALNRKVKNNPDPTIYPVLDWNDIKFQDVIGEGNFGQVLKARIKKDGLRMDAAIKRMKEYASKDDHRDFAGELEVLCKLGHHPNIINLLGACEHRGYLYLAIEYAPHGNLLDFLRKSRVLETDPAFAIANSTASTLSSQQLLHFAADVARGMDYLSQKQFIHRDLAARNILVGENYVAKIADFGLSRGQEVYVKKTMGRLPVRWMAIESLNYSVYTTNSDVWSYGVLLWEIVSLGGTPYCGMTCAELYEKLPQGYRLEKPLNCDDEVYDLMRQCWREKPYERPSFAQILVSLNRMLEERKTYVNTTLYEKFTYAGIDCSAEEAA,"
     RDKit          3D

 52 54  0  0  0  0  0  0  0  0999 V2000
    4.7384    2.4573    1.5227 O   0  0  0  0  0  0  0  0  0  0  0  0
    5.5739    1.5728    1.6109 C   0  0  0  0  0  0  0  0  0  0  0  0
    6.3350    1.4689    2.7222 O   0  0  0  0  0  0  0  0  0  0  0  0
    5.8976    0.4859    0.5897 C   0  0  0  0  0  0  0  0  0  0  0  0
    5.1854    0.5453   -0.6393 O   0  0  0  0  0  0  0  0  0  0  0  0
    3.8222    0.1279   -0.5117 C   0  0  0  0  0  0  0  0  0  0  0  0
    3.1402    0.2434   -1.8868 C   0  0  0  0  0  0  0  0  0  0  0  0
    1.7109   -0.0783   -1.9603 N   0  0  0  0  0  0  0  0  0  0  0  0
    0.8477    0.8050   -1.1555 C   0  0  0  0  0  0  0  0  0  0  0  0
    0.2048    0.1222    0.0748 C   0  0  0  0  0  0  0  0  0  0  0  0
   -0.5301   -1.1190   -0.2197 N   0  0  0  0  0  0  0  0  0  0  0  0
   -2.0050   -1.0720   -0.0747 C   0  0  0  0  0  0  0  0  0  0  0  0
   -2.6920    0.0013   -0.9349 C   0  0  0  0  0  0  0  0  0  0  0  0
   -2.8465    1.3291   -0.4972 C   0  0  0  0  0  0  0  0  0  0  0  0
   -3.4729    2.2835   -1.3019 C   0  0  0  0  0  0  0  0  0  0  0  0
   -3.9595    1.9277   -2.5568 C   0  0  0  0  0  0  0  0  0  0  0  0
   -3.8246    0.6172   -3.0066 C   0  0  0  0  0  0  0  0  0  0  0  0
   -3.1994   -0.3381   -2.2022 C   0  0  0  0  0  0  0  0  0  0  0  0
   -2.4871   -1.1126    1.3935 C   0  0  0  0  0  0  0  0  0  0  0  0
   -1.6131   -1.3694    2.4657 C   0  0  0  0  0  0  0  0  0  0  0  0
   -2.0816   -1.4408    3.7818 C   0  0  0  0  0  0  0  0  0  0  0  0
   -3.4377   -1.2772    4.0448 C   0  0  0  0  0  0  0  0  0  0  0  0
   -4.0137   -1.3666    5.6632 Cl  0  0  0  0  0  0  0  0  0  0  0  0
   -4.3308   -1.0537    3.0026 C   0  0  0  0  0  0  0  0  0  0  0  0
   -3.8603   -0.9833    1.6879 C   0  0  0  0  0  0  0  0  0  0  0  0
   -0.0857   -1.7443   -1.4780 C   0  0  0  0  0  0  0  0  0  0  0  0
    1.4156   -1.5036   -1.7507 C   0  0  0  0  0  0  0  0  0  0  0  0
    6.0405    2.2206    3.2792 H   0  0  0  0  0  0  0  0  0  0  0  0
    6.9582    0.5926    0.3384 H   0  0  0  0  0  0  0  0  0  0  0  0
    5.7525   -0.4952    1.0558 H   0  0  0  0  0  0  0  0  0  0  0  0
    3.8034   -0.9080   -0.1579 H   0  0  0  0  0  0  0  0  0  0  0  0
    3.3112    0.7604    0.2196 H   0  0  0  0  0  0  0  0  0  0  0  0
    3.6869   -0.3843   -2.6034 H   0  0  0  0  0  0  0  0  0  0  0  0
    3.2893    1.2642   -2.2639 H   0  0  0  0  0  0  0  0  0  0  0  0
    1.3817    1.7078   -0.8343 H   0  0  0  0  0  0  0  0  0  0  0  0
    0.0457    1.1613   -1.8139 H   0  0  0  0  0  0  0  0  0  0  0  0
   -0.3921    0.8476    0.6344 H   0  0  0  0  0  0  0  0  0  0  0  0
    1.0163   -0.1497    0.7631 H   0  0  0  0  0  0  0  0  0  0  0  0
   -2.3718   -2.0430   -0.4437 H   0  0  0  0  0  0  0  0  0  0  0  0
   -2.4903    1.6314    0.4850 H   0  0  0  0  0  0  0  0  0  0  0  0
   -3.5816    3.3049   -0.9466 H   0  0  0  0  0  0  0  0  0  0  0  0
   -4.4447    2.6713   -3.1835 H   0  0  0  0  0  0  0  0  0  0  0  0
   -4.2044    0.3376   -3.9859 H   0  0  0  0  0  0  0  0  0  0  0  0
   -3.1067   -1.3558   -2.5757 H   0  0  0  0  0  0  0  0  0  0  0  0
   -0.5518   -1.5282    2.2886 H   0  0  0  0  0  0  0  0  0  0  0  0
   -1.3825   -1.6331    4.5910 H   0  0  0  0  0  0  0  0  0  0  0  0
   -5.3929   -0.9388    3.2010 H   0  0  0  0  0  0  0  0  0  0  0  0
   -4.5821   -0.8241    0.8879 H   0  0  0  0  0  0  0  0  0  0  0  0
   -0.6463   -1.3678   -2.3406 H   0  0  0  0  0  0  0  0  0  0  0  0
   -0.2656   -2.8242   -1.4204 H   0  0  0  0  0  0  0  0  0  0  0  0
    1.7093   -2.0623   -2.6470 H   0  0  0  0  0  0  0  0  0  0  0  0
    1.9857   -1.9188   -0.9112 H   0  0  0  0  0  0  0  0  0  0  0  0
  1  2  2  0
  2  3  1  0
  2  4  1  0
  4  5  1  0
  5  6  1  0
  6  7  1  0
  7  8  1  0
  8  9  1  0
  9 10  1  0
 10 11  1  0
 11 12  1  0
 12 13  1  0
 13 14  2  0
 14 15  1  0
 15 16  2  0
 16 17  1  0
 17 18  2  0
 12 19  1  0
 19 20  2  0
 20 21  1  0
 21 22  2  0
 22 23  1  0
 22 24  1  0
 24 25  2  0
 11 26  1  0
 26 27  1  0
 27  8  1  0
 18 13  1  0
 25 19  1  0
  3 28  1  0
  4 29  1  0
  4 30  1  0
  6 31  1  0
  6 32  1  0
  7 33  1  0
  7 34  1  0
  9 35  1  0
  9 36  1  0
 10 37  1  0
 10 38  1  0
 12 39  1  0
 14 40  1  0
 15 41  1  0
 16 42  1  0
 17 43  1  0
 18 44  1  0
 20 45  1  0
 21 46  1  0
 24 47  1  0
 25 48  1  0
 26 49  1  0
 26 50  1  0
 27 51  1  0
 27 52  1  0
M  END
",20610
CHEMBL1000,Q12809,0,O=C(O)COCCN1CCN(C(c2ccccc2)c2ccc(Cl)cc2)CC1,MPVRRGHVAPQNTFLDTIIRKFEGQSRKFIIANARVENCAVIYCNDGFCELCGYSRAEVMQRPCTCDFLHGPRTQRRAAAQIAQALLGAEERKVEIAFYRKDGSCFLCLVDVVPVKNEDGAVIMFILNFEVVMEKDMVGSPAHDTNHRGPPTSWLAPGRAKTFRLKLPALLALTARESSVRSGGAGGAGAPGAVVVDVDLTPAAPSSESLALDEVTAMDNHVAGLGPAEERRALVGPGSPPRSAPGQLPSPRAHSLNPDASGSSCSLARTRSRESCASVRRASSADDIEAMRAGVLPPPPRHASTGAMHPLRSGLLNSTSDSDLVRYRTISKIPQITLNFVDLKGDPFLASPTSDREIIAPKIKERTHNVTEKVTQVLSLGADVLPEYKLQAPRIHRWTILHYSPFKAVWDWLILLLVIYTAVFTPYSAAFLLKETEEGPPATECGYACQPLAVVDLIVDIMFIVDILINFRTTYVNANEEVVSHPGRIAVHYFKGWFLIDMVAAIPFDLLIFGSGSEELIGLLKTARLLRLVRVARKLDRYSEYGAAVLFLLMCTFALIAHWLACIWYAIGNMEQPHMDSRIGWLHNLGDQIGKPYNSSGLGGPSIKDKYVTALYFTFSSLTSVGFGNVSPNTNSEKIFSICVMLIGSLMYASIFGNVSAIIQRLYSGTARYHTQMLRVREFIRFHQIPNPLRQRLEEYFQHAWSYTNGIDMNAVLKGFPECLQADICLHLNRSLLQHCKPFRGATKGCLRALAMKFKTTHAPPGDTLVHAGDLLTALYFISRGSIEILRGDVVVAILGKNDIFGEPLNLYARPGKSNGDVRALTYCDLHKIHRDDLLEVLDMYPEFSDHFWSSLEITFNLRDTNMIPGSPGSTELEGGFSRQRKRKLSFRRRTDKDTEQPGEVSALGPGRAGAGPSSRGRPGGPWGESPSSGPSSPESSEDEGPGRSSSPLRLVPFSSPRPPGEPPGGEPLMEDCEKSSDTCNPLSGAFSGVSNIFSFWGDSRGRQYQELPRCPAPTPSLLNIPLSSPGRRPRGDVESRLDALQRQLNRLETRLSADMATVLQLLQRQMTLVPPAYSAVTTPGPGPTSTSPLLPVSPLPTLTLDSLSQVSQFMACEELPPGAPELPQEGPTRRLSLPGQLGALTSQPLHRHGSDPGS,"
     RDKit          3D

 52 54  0  0  0  0  0  0  0  0999 V2000
    4.7384    2.4573    1.5227 O   0  0  0  0  0  0  0  0  0  0  0  0
    5.5739    1.5728    1.6109 C   0  0  0  0  0  0  0  0  0  0  0  0
    6.3350    1.4689    2.7222 O   0  0  0  0  0  0  0  0  0  0  0  0
    5.8976    0.4859    0.5897 C   0  0  0  0  0  0  0  0  0  0  0  0
    5.1854    0.5453   -0.6393 O   0  0  0  0  0  0  0  0  0  0  0  0
    3.8222    0.1279   -0.5117 C   0  0  0  0  0  0  0  0  0  0  0  0
    3.1402    0.2434   -1.8868 C   0  0  0  0  0  0  0  0  0  0  0  0
    1.7109   -0.0783   -1.9603 N   0  0  0  0  0  0  0  0  0  0  0  0
    0.8477    0.8050   -1.1555 C   0  0  0  0  0  0  0  0  0  0  0  0
    0.2048    0.1222    0.0748 C   0  0  0  0  0  0  0  0  0  0  0  0
   -0.5301   -1.1190   -0.2197 N   0  0  0  0  0  0  0  0  0  0  0  0
   -2.0050   -1.0720   -0.0747 C   0  0  0  0  0  0  0  0  0  0  0  0
   -2.6920    0.0013   -0.9349 C   0  0  0  0  0  0  0  0  0  0  0  0
   -2.8465    1.3291   -0.4972 C   0  0  0  0  0  0  0  0  0  0  0  0
   -3.4729    2.2835   -1.3019 C   0  0  0  0  0  0  0  0  0  0  0  0
   -3.9595    1.9277   -2.5568 C   0  0  0  0  0  0  0  0  0  0  0  0
   -3.8246    0.6172   -3.0066 C   0  0  0  0  0  0  0  0  0  0  0  0
   -3.1994   -0.3381   -2.2022 C   0  0  0  0  0  0  0  0  0  0  0  0
   -2.4871   -1.1126    1.3935 C   0  0  0  0  0  0  0  0  0  0  0  0
   -1.6131   -1.3694    2.4657 C   0  0  0  0  0  0  0  0  0  0  0  0
   -2.0816   -1.4408    3.7818 C   0  0  0  0  0  0  0  0  0  0  0  0
   -3.4377   -1.2772    4.0448 C   0  0  0  0  0  0  0  0  0  0  0  0
   -4.0137   -1.3666    5.6632 Cl  0  0  0  0  0  0  0  0  0  0  0  0
   -4.3308   -1.0537    3.0026 C   0  0  0  0  0  0  0  0  0  0  0  0
   -3.8603   -0.9833    1.6879 C   0  0  0  0  0  0  0  0  0  0  0  0
   -0.0857   -1.7443   -1.4780 C   0  0  0  0  0  0  0  0  0  0  0  0
    1.4156   -1.5036   -1.7507 C   0  0  0  0  0  0  0  0  0  0  0  0
    6.0405    2.2206    3.2792 H   0  0  0  0  0  0  0  0  0  0  0  0
    6.9582    0.5926    0.3384 H   0  0  0  0  0  0  0  0  0  0  0  0
    5.7525   -0.4952    1.0558 H   0  0  0  0  0  0  0  0  0  0  0  0
    3.8034   -0.9080   -0.1579 H   0  0  0  0  0  0  0  0  0  0  0  0
    3.3112    0.7604    0.2196 H   0  0  0  0  0  0  0  0  0  0  0  0
    3.6869   -0.3843   -2.6034 H   0  0  0  0  0  0  0  0  0  0  0  0
    3.2893    1.2642   -2.2639 H   0  0  0  0  0  0  0  0  0  0  0  0
    1.3817    1.7078   -0.8343 H   0  0  0  0  0  0  0  0  0  0  0  0
    0.0457    1.1613   -1.8139 H   0  0  0  0  0  0  0  0  0  0  0  0
   -0.3921    0.8476    0.6344 H   0  0  0  0  0  0  0  0  0  0  0  0
    1.0163   -0.1497    0.7631 H   0  0  0  0  0  0  0  0  0  0  0  0
   -2.3718   -2.0430   -0.4437 H   0  0  0  0  0  0  0  0  0  0  0  0
   -2.4903    1.6314    0.4850 H   0  0  0  0  0  0  0  0  0  0  0  0
   -3.5816    3.3049   -0.9466 H   0  0  0  0  0  0  0  0  0  0  0  0
   -4.4447    2.6713   -3.1835 H   0  0  0  0  0  0  0  0  0  0  0  0
   -4.2044    0.3376   -3.9859 H   0  0  0  0  0  0  0  0  0  0  0  0
   -3.1067   -1.3558   -2.5757 H   0  0  0  0  0  0  0  0  0  0  0  0
   -0.5518   -1.5282    2.2886 H   0  0  0  0  0  0  0  0  0  0  0  0
   -1.3825   -1.6331    4.5910 H   0  0  0  0  0  0  0  0  0  0  0  0
   -5.3929   -0.9388    3.2010 H   0  0  0  0  0  0  0  0  0  0  0  0
   -4.5821   -0.8241    0.8879 H   0  0  0  0  0  0  0  0  0  0  0  0
   -0.6463   -1.3678   -2.3406 H   0  0  0  0  0  0  0  0  0  0  0  0
   -0.2656   -2.8242   -1.4204 H   0  0  0  0  0  0  0  0  0  0  0  0
    1.7093   -2.0623   -2.6470 H   0  0  0  0  0  0  0  0  0  0  0  0
    1.9857   -1.9188   -0.9112 H   0  0  0  0  0  0  0  0  0  0  0  0
  1  2  2  0
  2  3  1  0
  2  4  1  0
  4  5  1  0
  5  6  1  0
  6  7  1  0
  7  8  1  0
  8  9  1  0
  9 10  1  0
 10 11  1  0
 11 12  1  0
 12 13  1  0
 13 14  2  0
 14 15  1  0
 15 16  2  0
 16 17  1  0
 17 18  2  0
 12 19  1  0
 19 20  2  0
 20 21  1  0
 21 22  2  0
 22 23  1  0
 22 24  1  0
 24 25  2  0
 11 26  1  0
 26 27  1  0
 27  8  1  0
 18 13  1  0
 25 19  1  0
  3 28  1  0
  4 29  1  0
  4 30  1  0
  6 31  1  0
  6 32  1  0
  7 33  1  0
  7 34  1  0
  9 35  1  0
  9 36  1  0
 10 37  1  0
 10 38  1  0
 12 39  1  0
 14 40  1  0
 15 41  1  0
 16 42  1  0
 17 43  1  0
 18 44  1  0
 20 45  1  0
 21 46  1  0
 24 47  1  0
 25 48  1  0
 26 49  1  0
 26 50  1  0
 27 51  1  0
 27 52  1  0
M  END
",20610
